15203580	150	190	135	Bärenhorn-Formation: Quarzsandstein
15203579	185	195	125	Nolla-Tonschiefer: Quarzsandstein
15202604	225	150	50	Euthal-Formation: schwarzer schiefriger Tonstein
15202601	175	150	200	Prodkamm- bis Sexmor-Formation, undifferenziert
15202600	150	210	210	Oberer Quintner Kalk: Unterer Kalk
15202593	255	210	95	Hohgant-Sandstein, Sandkalk und Kalk
15200659	190	200	220	Wangen- und Letzi-Member, undifferenziert
15200658	200	220	240	Schwarzbach-Schichten
15200657	200	225	250	Gugenmühle-Member
15200656	210	235	255	Weilergraben-Formation
15200655	225	250	255	Hohentengen-Formation
15200654	215	200	145	Calcaire Roux
15200653	110	180	160	Montcherand-Member
15200652	110	180	160	Bôle-Member
15200651	105	180	190	Fort-de-l'Ecluse-Member
15200650	105	180	190	Rocher-des-Hirondelles-Formation
15200649	210	205	145	Netzbachtal-Nagelfluh
15200648	210	205	145	Baltersweil-Nagelfluh
15200647	255	235	190	Kalter-Wangen-Formation
15200646	240	175	150	Hornbüel-Melange
0	255	0	197	nicht erlaubt
999997	255	0	197	Unknown
999998	255	0	197	Not applicable
15200001	165	210	185	Twannbach-Formation
15200002	150	210	220	Reuchenette-Formation
15200003	160	200	220	Courgenay-Formation
15200004	175	195	170	Vellerat-Formation
15200005	180	180	180	St-Ursanne-Formation
15200006	170	180	125	Bärschwil-Formation
15200007	230	200	160	Ifenthal-Formation
15200008	200	170	130	Quarzsandstein, undiff.
15200009	160	130	110	Passwang-Formation
15200010	225	200	215	Opalinus-Ton
15200011	175	150	200	Staffelegg-Formation
15200012	160	200	240	Malm des Juragebirges
15200013	165	210	185	Vouglans-Member
15200014	165	210	185	Chailley-Member
15200015	165	210	185	Oberer Virgula-Mergel
15200016	150	210	220	Grenznerineen-Bank
15200017	150	210	220	Cladocoropsis-Kalk
15200018	150	210	220	Unterer Virgula-Mergel
15200019	150	210	220	Courtedoux-Member
15200020	150	210	220	Banné-Member
15200021	150	210	220	Vabenau-Member
15200022	150	210	220	Creugenat-Schichten
15200023	175	225	250	Etiollets-Formation
15200024	175	225	250	Complexe récifal
15200025	175	225	250	Couvaloup-Member
15200026	160	200	220	Porrentruy-Member
15200027	160	200	220	La-May-Member
15200028	175	195	170	Oolithe-Rousse-Member
15200029	175	195	170	Bure-Member
15200030	175	195	170	Hauptmumienbank-Member
15200031	175	195	170	Röschenz-Member
15200032	175	195	170	Vorbourg-Member
15200033	180	180	180	Tiergarten-Member
15200034	180	180	180	Buix-Member
15200035	180	180	180	Chestel-Member
15200036	180	180	180	Caquerelle-Pisolith
15200037	180	180	180	Grellingen-Member
15200039	195	195	195	Pichoux-Formation
15200040	170	180	125	Liesberg-Member
15200041	170	180	125	Sornetan-Member
15200042	170	180	125	Renggeri-Member
15200043	230	200	160	Graitery-Member
15200044	230	200	160	Herznach-Member
15200045	230	200	160	Schellenbrücke-Bank
15200046	230	200	160	Bollement-Member
15200047	230	200	160	Ängistein-Member
15200048	230	200	160	Unter-Erli-Bank
15200049	230	200	160	Bözen-Member
15200050	230	200	160	Saulcy-Member
15200051	230	200	160	Schelmenloch-Member
15200052	230	200	160	Anwil-Bank
15200053	230	200	160	Châtillon-Member
15200054	230	200	160	St-Brais-Member
15200055	180	160	140	Dogger des Juragebirges
15200056	175	150	200	Lias des Juragebirges
15200057	210	180	140	Spatkalk
15200058	210	180	140	Pierre-Blanche
15200059	210	180	140	Movelier-Schichten
15200060	210	180	140	Obere Oolithische Serie (Grande Oolithe)
15200061	180	160	120	Obere Acuminata-Schichten
15200062	205	165	130	Untere Oolithische Serie (Oolithe Subcompacte)
15200063	205	165	130	Grenchenberg-Member
15200064	160	130	110	Rothenfluh-Member
15200065	160	130	110	Brüggli-Member
15200066	160	130	110	Humphriesi-Schichten
15200067	160	130	110	Waldenburg-Member
15200068	160	130	110	Hirnichopf-Member
15200069	160	130	110	Hauenstein-Member
15200070	160	130	110	Sissach-Member
15200071	175	150	200	Gross-Wolf-Member
15200072	175	150	200	Eriwis-Bank
15200073	175	150	200	Erlimoos-Bank
15200074	175	150	200	Gipf-Bank
15200075	175	150	200	Rietheim-Member
15200076	175	150	200	Unterer Stein
15200077	175	150	200	Rickenbach-Member
15200078	175	150	200	Müsenegg-Bank
15200079	175	150	200	Breitenmatt-Member
15200080	175	150	200	Trasadingen-Bank
15200081	175	150	200	Grünschholz-Member
15200082	175	150	200	Frick-Member
15200083	175	150	200	Mont-Terri-Member
15200084	175	150	200	Fasiswald-Member
15200085	175	150	200	Weissenstein-Member
15200086	175	150	200	Beggingen-Member
15200087	175	150	200	Gächlingen-Bank
15200088	175	150	200	Schleitheim-Bank
15200089	175	150	200	Schambelen-Member
15200090	175	150	200	Hallau-Bank
15200091	245	110	50	Siderolithikum des Juragebirges
15200092	110	180	180	Gorges-de-l'Orbe- und Vallorbe-Formation, undifferenziert
15200093	105	180	190	Vallorbe-Formation
15200094	105	180	190	Rivière-Member
15200095	105	180	190	Russille-Member
15200096	110	180	160	Gorges-de-l'Orbe-Formation
15200097	120	180	110	Pierre-Châtel-, Vions- und Chambotte-Formation, undifferenziert
15200098	150	190	120	Chambotte-Formation
15200099	150	190	120	Guiers-Member
15200100	120	180	110	Vions-Formation
15200101	90	170	100	Pierre-Châtel-Formation
15200102	200	225	250	Burghorn-Formation
15200103	200	225	250	Wettigen-Member
15200104	200	225	250	Baden-Member
15200105	190	200	220	Villigen-Formation
15200106	190	200	220	Wangental-Member
15200107	190	200	220	Letzi-Member
15200108	190	200	220	Knollen-Bank
15200109	190	200	220	Küssaburg-Member
15200110	190	200	220	Wangen-Member
15200111	190	200	220	Hornbuck-Member
15200112	190	200	220	Crenularis-Member
15200113	190	200	220	Geissberg-Member
15200114	195	205	200	Wildegg-Formation
15200115	191	194	158	Effingen-Member
15200116	195	200	190	Gerstenhübel-Bank
15200117	210	210	210	Birmenstorf-Member
15200118	165	200	195	Günsberg-Formation
15200119	165	200	195	Moutier-Korallenkalk
15200120	180	150	120	Klingnau-Formation
15200121	180	150	120	Knorri-Ton
15200122	180	150	120	Wuerttembergica-Schichten
15200123	180	150	120	Subfurcatum-Bank
15200124	180	150	120	Blagdeni-Schichten
15200125	245	170	150	Keuper
15200126	250	190	165	Klettgau-Formation
15200127	250	220	200	Belchen-Member
15200128	245	160	145	Bänkerjoch-Formation
15200129	240	160	70	Muschelkalk
15200130	250	165	75	Schinznach-Formation
15200131	250	190	95	Asp-Member
15200132	250	190	95	Stamberg-Member
15200133	250	165	75	Liedertswil-Member
15200134	250	165	75	Kienberg-Member
15200135	245	150	60	Zeglingen-Formation
15200136	245	150	60	Obere Sufatzone
15200137	245	150	60	Salzlager
15200138	245	150	60	Untere Sulfatzone
15200139	225	160	80	Kaiseraugst-Formation
15200140	225	160	80	Orbicularis-Mergel
15200141	225	160	80	Wellenkalk / Wellenmergel
15200142	225	160	80	Wellendolomit
15200143	205	140	85	Buntsandstein
15200144	205	140	85	Dinkelberg-Formation
15200145	205	140	85	Rhötton
15200146	205	140	85	Plattensandstein
15200147	205	140	85	Karneol-Horizont
15200148	185	210	110	Narlay-Formation
15200149	245	155	155	Perte-du-Rhône-Formation
15200150	160	180	95	Grand-Essert-Formation
15200151	185	190	90	Pierre Jaune de Neuchâtel
15200152	145	160	85	Hauterive-Mergel
15200153	215	200	145	Vuache-Formation
15200154	215	200	145	Alectryonia-Kalk
15200155	215	200	145	Arzier-Mergel
15200156	210	195	180	Goldberg-Formation
15200157	215	110	70	Wiesental-Formation
15200158	185	125	90	Weitenau-Formation
15200159	165	185	165	Weiach-Formation
15200160	170	190	210	Günsberg-, Vellerat-, Villigen-, Balsthal- und Courgenay-Formation, undifferenziert
15200161	150	200	150	Kreide des Juragebirges
15200162	125	175	250	Jura des Juragebirges
15200163	240	160	120	Trias des Juragebirges
15200175	245	110	50	Bohnerzton
15200176	245	110	50	Boluston
15200177	245	110	50	Hupper
15200178	180	160	120	Homomya-Mergel
15200179	205	140	85	Vogesen-Sandstein
15200180	245	110	50	Glassand
15200181	250	175	175	Mussel-Member
15200182	240	145	145	Fulie-Member
15200183	185	190	90	Uttins-Mergel
15200184	145	160	85	Mergelkalk-Zone
15200185	215	200	145	Bryozoen-Mergel
15200186	165	210	185	Zuckerkörniger Kalk
15200187	150	210	220	Chevenez-Member
15200188	175	200	220	Balsthal-Formation
15200189	175	200	220	Verena-Member
15200190	175	200	220	Holzflue-Member
15200191	175	179	196	Laufen-Member
15200192	175	200	220	Olten-Member
15200193	175	200	220	Steinibach-Member
15200194	175	195	170	Grüne Mumienbank
15200195	195	200	190	Pecten-Bank
15200196	210	180	140	Ferrugineus-Oolith
15200197	200	170	130	Wittnau-Korallenkalk
15200198	180	160	120	Furcil-Mergel
15200199	205	165	130	Maeandrina-Schichten
15200200	200	170	130	Gisliflue-Korallenkalk
15200201	205	165	130	Untere Acuminata-Schichten
15200202	180	150	120	Parkinsoni-Schichten
15200203	160	130	110	Dewalquei-Kalk
15200204	160	130	110	Brot-Schichten
15200205	160	130	110	Comptum-Bank
15200206	250	190	165	Seebi-Member
15200207	250	190	165	Gruhalde-Member
15200208	250	190	165	Berlingen-Member
15200209	250	190	165	Gansingen-Member
15200210	250	190	165	Ergolz-Member
15200211	250	190	95	Kaisten-Bank
15200212	250	175	80	Eptingen-Member
15200213	250	165	75	Dünnlenberg-Bank
15200214	250	165	75	Saalhof-Bank
15200215	250	165	75	Fützen-Bank
15200216	245	150	60	Dolomitzone
15200217	185	125	90	Oberer Schuttfächer
15200218	185	125	90	Playa-Serie
15200219	185	125	90	Unterer Schuttfächer
15200220	220	110	115	Spät- bis postvariszische Intrusiva des Schwarzwaldes
15200221	200	115	80	Permo-Karbon der NW-Schweiz
15200222	220	110	115	Stockberg-Quarzporphyr
15200223	220	110	115	Bärhalde-Granit
15200224	220	110	115	Schluchsee-Granit
15200225	220	110	115	Säckingen-Granit
15200226	165	185	165	Jüngere Flussablagerungen
15200227	165	185	165	Seeablagerungen
15200228	165	185	165	Ältere Flussablagerungen
15200229	165	185	165	Kohle-Serie
15200230	220	90	120	Frühvariszische Intrusiva des Schwarzwaldes
15200231	220	90	120	Albtal-Granit
15200232	220	90	120	Malsburg-Granit
15200233	220	90	120	Blauen-Granit
15200234	220	90	120	Klemmbach-Granit
15200235	220	90	120	Randgranit
15200236	220	90	120	Münsterhalden-Granit
15200237	220	90	120	Schönau-Herrenschwand-Granit
15200238	220	90	120	St.-Blasien-Granit
15200239	220	90	120	Mambach-Granit
15200240	220	90	120	Lenzkirch-Steina-Granit
15200241	220	90	120	Hauenstein-Granit
15200242	220	90	120	Böttstein-Granit
15200243	140	160	130	Prä- und frühvariszische Sedimente und Vulkanite des Schwarzwaldes
15200244	140	160	130	Schiefer und Grauwacken
15200245	250	210	210	Prävariszisches polyzyklisches Grundgebirge des Schwarzwaldes
15200246	245	160	145	Orthogneise des Schwarzwaldes
15200247	245	160	145	Todtmoos-Horbach-Gneiskomplex
15200248	245	160	145	Murgtal-Gneiskomplex
15200249	245	160	145	Laufenburg-Gneiskomplex
15200250	250	190	175	Migmatite des Schwarzwaldes
15200251	250	190	175	Wiesen-Wehratal-Komplex
15200252	250	190	175	Wehratal-Syenit
15200253	80	170	120	Grüngesteine des Schwarzwaldes
15200254	250	250	75	Molasse
15200255	255	230	180	Obere Süsswassermolasse (OSM)
15200256	255	230	180	Tannenberg-Schichten
15200257	255	230	180	Pfänder-Schichten
15200258	255	230	180	Napf-Formation
15200259	120	100	80	Blapbach-Kohlflöz
15200260	255	230	180	Eimätteli-Member
15200261	245	235	180	Schüpferegg-Nagelfluh
15200262	255	230	195	OSM-II
15200263	110	140	120	Hegau-Vulkanite
15200264	70	175	130	Hegau-Basalt
15200265	80	170	120	Hegau-Phonolith
15200266	110	140	120	Hegau-Deckentuffe
15200267	255	230	195	Hörnligipfel-Nagelfluh
15200268	255	230	195	Höchegg-Brekzie
15200269	255	230	195	Hörnligubel-Mergel
15200270	255	230	195	Tösswald-Schichten
15200271	240	220	220	Bischofzell-Bentonit
15200272	255	230	195	Öhningen-Zone im Hörnligebiet
15200273	255	230	195	Krinau-Schichten
15200274	255	230	195	Glimmersandstein-Formation
15200275	210	220	230	Fellitobel-Süsswasserkalk
15200276	255	230	195	Uetliberg-Schichten
15200277	255	230	195	Uetliberggipfel-Nagelfluh
15200278	255	230	195	Uetliberg-Mergel
15200279	255	230	195	Falätschen-Mergel
15200280	255	230	195	Pfannenstiel-Schichten
15200281	255	230	195	Zürich-Schichten
15200282	240	220	220	Leimbach-Bentonit
15200283	210	220	230	Rütschlibach-Riedhof-Süsswasserkalk
15200284	240	220	220	Winterthur-Bentonit
15200285	240	220	220	Aeugstertal-Bentonit
15200286	210	220	230	Äntlisberg-Doldertobel-Süsswasserkalk
15200287	210	220	230	Wehrenbach-Höckler-Süsswasserkalk
15200288	240	220	220	Küsnacht-Bentonit
15200289	240	220	220	Urdorf-Bentonit
15200290	255	230	180	Appenzellergranit-Leitniveau
15200291	255	230	180	Abtwil-Konglomerat
15200292	255	230	180	Hüllistein-Konglomerat
15200293	255	230	180	Degersheim-Kalknagelfluh
15200294	255	230	180	Meilen-Kalk
15200295	255	225	165	OSM-I
15200296	255	225	165	Lichtensteig-Schichten
15200297	255	230	195	Hörnli-Formation
15200298	255	225	165	Guggershorn-Formation
15200299	210	220	230	Horgen-Käpfnach-Süsswasserkalk
15200300	255	235	190	OSM-J
15200301	255	235	190	Bois-de-Raube-Formation
15200302	255	235	190	Jura-Nagelfluh
15200303	255	235	190	Oehningien des Juragebirges
15200304	240	220	220	Combe-Girard-Bentonit
15200305	210	220	230	Vermes-Süsswasserkalk
15200306	245	235	180	Le-Locle-Gompholit
15200307	210	205	145	Obere Meeresmolasse (OMM)
15200308	225	210	145	OMM-II
15200309	225	210	145	St-Gallen-Formation
15200310	225	210	145	Staffelbach-Grobsandstein
15200311	205	210	140	OMM-I
15200312	205	210	140	Luzern-Formation
15200313	205	210	140	Safenwil-Muschelsandstein
15200314	220	200	180	Untere Süsswassermolasse (USM)
15200315	240	210	200	Höhronen-Nagelfluh
15200316	240	210	200	Kronberg-Nagelfluh
15200317	180	140	95	Cornalle-Sandstein
15200318	180	140	95	Mont-Pèlerin-Nagelfluh
15200319	180	140	95	Speer-Formation
15200320	200	160	115	Thun-Formation
15200321	200	160	115	Gunten-Nagelfluh
15200322	180	140	95	Rigi-Formation
15200323	180	140	95	Scheidegg-Nagelfluh
15200324	180	140	95	Bunte Rigi-Nagelfluh
15200325	180	140	95	Radiolaritreiche Nagelfluh
15200326	230	220	210	USM-III
15200327	230	220	210	Sommersberg-Nagelfluh
15200328	230	220	210	Brendenbach-Mergel
15200329	240	210	200	USM-II
15200330	240	210	200	Formation der Granitischen Molasse
15200331	240	210	200	Oberaquitane Mergelzone
15200332	240	210	200	Molasse Grise de Lausanne
15200333	240	220	220	Bois-Genoud-Bentonit
15200334	240	210	200	Cuarny-Sandstein
15200335	200	160	115	USM-I
15200336	200	160	115	Grès et Marnes Gris à Gypse
15200337	150	125	100	Molasse à Charbon
15200338	200	150	100	Molasse Rouge
15200339	200	160	115	Heuboden-Äschitannen-Nagelfluh
15200340	200	150	100	Beichlen-Formation
15200341	250	230	140	USM-J
15200342	250	215	200	La-Chaux-Süsswasserkalk
15200343	250	240	130	Elsässer Molasse s.s.
15200344	250	250	175	Delémont-Süsswasserkalk
15200345	250	240	130	Matzendorf-Süsswasserkalk
15200346	250	240	130	Oensingen-Süsswasserkalk
15200347	225	200	100	Wynau-Süsswasserkalk
15200348	225	180	125	Untere Meeresmolasse (UMM)
15200349	230	170	150	UMM-III
15200350	230	170	150	Horw-Sandstein
15200351	220	145	125	UMM-II
15200352	220	145	125	Grisigen-Mergel
15200353	240	210	100	UMM-I
15200354	240	210	100	Cucloz-Subformation
15200355	240	210	100	Cucloz-Sandstein
15200356	240	210	100	Marnes gris-souris
15200357	240	210	100	Schistes marno-micacés
15200358	240	210	100	Hilfern-Formation
15200359	240	210	100	Rietbad-Subformation
15200360	240	210	100	Jordisboden-Mergel
15200361	240	210	100	Goldegg-Sandstein
15200362	240	150	105	UMM-J
15200363	255	180	120	Septarienton
15200364	250	170	115	Fischschiefer
15200365	245	160	110	Foraminiferenmergel
15200366	235	145	100	Meeressand
15200367	240	215	70	Gelberde
15200368	250	210	130	Cyathulabank (Laufen-Becken)
15200369	250	210	130	Cyrenenmergel
15200370	240	160	60	Porrentruy-Konglomerat
15200371	240	215	70	Raitsche
15200373	235	145	100	Ajoie-Gompholit
15200378	250	250	175	Tüllingen-Süsswasserkalk
15200379	250	240	130	Elsässer-Molasse s.l.
15200380	210	180	140	Oberer Teil des Hauptrogensteins
15200382	205	165	130	Unterer Teil des Hauptrogensteins
15200383	180	160	120	Calcaire roux marneux
15200384	255	235	190	Ajoie-Member
15200385	255	235	190	Bois-de-Raube-Member
15200386	255	235	190	Montchaibeux-Member
15200387	240	135	60	Daubrée-Konglomerat
15200388	225	175	150	Wanderblock-Bildungen
15200389	225	210	145	Geröllsande
15200390	225	210	145	Polygene Nagelfluh
15200391	205	210	140	Muschelsandstein
15200392	205	210	140	Graue Molasse
15200393	240	135	60	Daubrée-Kalk
15200394	240	215	70	Basisbildungen der USM-J
15200395	255	235	190	Laufen-Juranagelfluh
15200396	255	235	190	Basler Juranagelfluh
15200397	255	235	190	Aargauer Juranagelfluh
15200398	255	235	190	Randen-Juranagelfluh
15200399	225	210	145	Jensberg-Schichten
15200400	225	210	145	Rebhubel-Schichten
15200401	225	210	145	Niedermatt-Formation
15200402	225	210	145	Belpberg-Formation
15200403	225	210	145	Pfadflüe-Nagelfluh
15200404	225	210	145	Sädel-Kalknagelfluh
15200405	225	210	145	Utzigen-Muschelsandstein
15200406	225	210	145	Ulmiz-Quarzitnagelfluh
15200407	225	210	145	Bütschelbach-Nagelfluh
15200408	225	210	145	Kalchstätten-Formation
15200409	225	210	145	Freudenberg-Nagelfluh
15200410	225	210	145	Goldbrunnen-Schichten
15200411	225	210	145	Dreilinden-Nagelfluh
15200412	225	210	145	Obere Grenznagelfluh
15200413	225	210	145	Kirchberg-Formation
15200414	225	210	145	Grimmelfingen-Formation
15200415	204	201	145	Chnebelburg-Schichten
15200416	205	210	140	Meinisberg-Muschelsandstein
15200417	204	207	181	Brüttelen-Muschelnagelfluh
15200418	205	210	140	Sense-Formation
15200419	205	210	140	Montécu-Schichten
15200420	205	210	140	Molière-Muschelsandstein
15200421	205	210	140	Scherli-Quarzitnagelfluh
15200422	240	215	70	Grilly-Süsswasserkalk
15200423	240	215	70	Orbe-Süsswasserkalk
15200424	240	215	70	Krustenkalk
15200425	240	210	200	Gümmenen-Formation
15200426	150	210	220	Solothurner Schildkrötenkalk
15200429	240	210	200	Obere bunte Molasse
15200430	225	150	75	Oberdorf-Süsswasserkalk
15200431	225	210	145	Limnischer Horizont (OMM-II)
15200432	225	210	145	Quarzitnagelfluh (der St.-Gallen-Fm.)
15200433	205	210	140	Basiskonglomerat (der Luzern-Fm.)
15200436	250	185	185	Poncin-Member
15200437	250	175	175	Vraconne-Sandstein
15200438	250	175	175	La-Presta-Mergel
15200439	250	175	175	Vernettes-Sandstein
15200440	250	175	175	Ponthoud-Bank
15200441	250	175	175	Scie-Besse-Sandstein
15200442	240	145	145	Mortier-Mergel
15200443	240	145	145	Vauglène-Bänke
15200444	240	145	145	Poet-Bank
15200445	240	215	70	Courcelon-Süsswasserkalk
15200446	240	215	70	Erzmatt-Krustenkalk
15200447	225	150	75	Diegten-Süsswasserkalk
15200448	225	150	75	La-Verrerie-Süsswasserkalk
15200449	225	150	75	La-Charrue-Süsswasserkalk
15200450	215	200	145	Astieria-Mergel
15200451	215	200	145	Villers-Schichten
15200452	90	170	100	Unité Moyenne Calcaire (UMC)
15200453	90	170	100	Unité Inférieure Oolithique (UIO)
15200454	90	170	100	Mergel- und Kalkzone (MKZ)
15200455	165	210	185	Calcaire âpre
15200456	175	225	250	Landaize-Kalk
15200457	175	200	220	Balmberg-Oolith
15200458	175	200	220	Hautes-Roches-Algenkalk
15200459	175	200	220	Akzessorische Mumienbänke
15200460	175	195	170	Brauner Oolith
15200461	225	160	80	Bleiglanz-Bank
15200462	205	140	85	Arenicolites-Bank
15200463	205	140	85	Diagonalschichtiger Sandstein
15200464	250	165	75	Leutschenberg-Member
15200465	220	90	120	Schlächtenhaus-Granit
15200466	245	160	145	Steinatal-Gneiskomplex
15200467	250	190	95	Grenzdolomit
15200468	250	190	95	Estherien-Schichten
15200469	225	250	255	Hangende-Bankkalke-Formation
15200470	230	245	250	Zementmergel-Formation
15200471	225	250	255	Liegende-Bankkalke-Formation
15200472	210	235	255	Obere-Felsenkalke-Formation
15200473	210	235	255	Untere-Felsenkalke-Formation
15200474	175	200	225	Lacunosamergel-Formation
15200475	175	225	250	Oberjura-Massenkalk-Formation
15200476	180	210	235	Lochen-Subformation
15200477	190	200	220	Wohlgeschichtete-Kalke-Formation
15200478	195	205	200	Impressamergel-Formation
15200479	200	190	140	Ornatenton-Formation
15200480	200	190	140	Glaukonitsandmergel-Subformation
15200481	200	190	140	Grenzkalk
15200482	200	190	140	Macrocephalenoolith-Subformation
15200483	200	180	140	Wutach-Formation
15200484	215	185	145	Variansmergel-Formation
15200485	190	160	125	Dentalienton-Formation
15200486	170	140	115	Hamitenton-Formation
15200487	170	140	115	Parkinsonioolith-Subformation
15200488	180	150	120	Gosheim-Formation
15200489	180	150	120	Blagdeni-Subformation
15200490	180	150	120	Humphriesioolith-Subformation
15200491	185	160	140	Wedelsandstein-Formation
15200492	185	160	140	Blaukalk-Subformation
15200493	190	165	160	Murchisonaeoolith-Formation
15200494	190	165	160	Achdorf-Formation
15200495	255	230	180	Tannenwald-Schichten
15200496	245	235	180	Gabelspitz-Schichten
15200497	245	235	180	Schallenberg-Member
15200498	245	235	180	Seli-Nagelfluh
15200499	110	140	120	Brand-Herrentisch-Tuffit
15200500	110	140	120	Wangen-Tuffit
15200501	110	140	120	Hohenolber-Tuffit
15200502	110	140	120	Eichbol-Tuffit
15200503	255	230	195	Öhningen-Formation
15200504	210	220	230	Öhningen-Süsswasserkalk
15200505	255	230	195	Ramschwag-Nagelfluh
15200506	110	140	120	Seerücken-Tuffit
15200507	255	230	195	Meilen-Schichten
15200508	255	230	195	Wulp-Rotzone
15200509	255	225	165	Käpfnach-Formation
15200510	255	235	190	«Juranagelfluh-Mergel»
15200511	210	220	230	Golat-Süsswasserkalk
15200512	225	210	145	Petrefaktenlager
15200513	240	210	200	Hombach-Member
15200514	240	210	200	Homberg-Formation
15200515	240	210	200	Gäbris-Nagelfluh
15200516	240	210	200	Gstaldenbach-Member
15200517	240	210	200	Heiden-Member
15200518	240	210	200	Klusbach-Member
15200519	240	210	200	Eggen-Member
15200520	240	210	200	Sulzbach-Member
15200521	240	210	200	Sulzbach-Nagelfluh
15200522	240	210	200	Pfingstboden-Member
15200523	240	210	200	Hochfläschli-Member
15200524	240	210	200	Ennetbühl-Member
15200525	240	210	200	Hochalp-Member
15200526	240	210	200	Krummenau-Member
15200527	250	215	200	Ältere Juranagelfluh
15200528	200	160	115	Gitzischöpf-Nagelfluh
15200529	200	160	115	Honegg-Mergel
15200530	200	160	115	Kaltbach-Nagelfluh
15200531	200	160	115	Hünibach-Nagelfluh
15200532	200	160	115	Losenegg-Formation
15200533	200	160	115	Schwändibach-Naglelfuh
15200534	200	160	115	Uerscheli-Formation
15200535	200	160	115	Bumbach-Nagelfluh
15200536	200	170	130	Kalksandstein-Serie
15200537	180	140	95	Gérignoz-Formation
15200538	180	140	95	Leuenfall-Nagelfluh
15200539	180	140	95	Wintersberg-Member
15200540	180	140	95	Ebnat-Sandstein
15200541	180	140	95	Rütiberg-Kalksandstein
15200542	180	140	95	Pfiffegg-Nagelfluh
15200543	180	140	95	Weggis-Formation
15200544	180	140	95	Kännelegg-Nagelfluh
15200545	200	150	100	Molasse Rouge des Jurasüdfusses
15200546	200	150	100	Mathod-Sandstein
15200547	200	150	100	Goumoëns-Sandstein
15200548	200	150	100	Molasse Rouge von Vevey
15200549	200	150	100	Molasse Rouge von Monthey
15200550	200	150	100	Grindelegg-Formation
15200551	200	160	115	Tillerée-Schichten
15200552	200	160	115	Serie der Süsswasserkalke und Dolomite
15200553	240	160	60	Oltingue-Kalkarenit
15200554	225	150	135	Vaulruz-Formation (UMM-II+III undiff.)
15200555	240	210	100	Unter-Lochsiti-Nagelfluh
15200556	240	210	100	Flühli-Nagelfluh
15200557	225	210	145	Zone der Schiefermergel (der St.-Gallen-Fm.)
15200558	240	210	200	Marbach-Member
15200559	225	200	100	Aarwangen-Molasse
15200560	200	150	100	Untere Bunte Molasse des Jurasüdfusses
15200562	245	235	180	Mittlere Juranagelfluh
15200563	245	235	180	Albstein
15200564	245	235	180	Graupensand
15200565	245	235	180	Heliciden-Mergel
15200566	255	225	165	Haldenhof-Mergel
15200567	210	205	145	OMM-J
15200568	210	205	145	Tenniken-Muschelagglomerat
15200569	210	205	145	Turritellen-Kalk
15200570	210	205	145	Randen-Grobkalk
15200571	210	205	145	Péry-Geröllsande
15200572	245	235	180	Les-Bayards-Juranagelfluh
15200573	170	190	210	Günsberg- und Vellerat-Formation, undifferenziert
15200574	200	190	140	Ancepsoolith-Subformation
15200575	175	150	200	Jurensismergel-Formation
15200576	175	150	200	Posidonienschiefer-Formation
15200577	175	150	200	Amaltheenton-Formation
15200578	175	150	200	Numismalismergel-Formation
15200579	175	150	200	Obtususton-Formation
15200580	175	150	200	Arietenkalk-Formation
15200581	175	150	200	Angulatenton-Formation
15200582	175	150	200	Psilonotenton-Formation
15200583	255	230	180	Bodensee-Nagelfluh
15200584	160	200	240	Tabalcon-Kalk
15200585	230	170	150	Bonneville-Sandstein
15200586	220	145	125	Montauban-Mergel
15200587	230	170	150	Montauban-Sandstein
15200588	240	210	100	Mornex-Nagelfluh
15200589	245	235	180	USM-III bis OSM-I
15200590	255	230	195	Loorenkopf-Nagelfluh
15200591	185	190	90	«Pierre Jaune Supérieure»
15200592	185	190	90	«Pierre Jaune Inférieure»
15200593	150	190	120	«Formation de la Chambotte Supérieure»
15200594	150	190	120	«Formation de la Chambotte Inférieure»
15200601	240	175	150	Hornbüel-Melange
15200618	250	240	130	Mümliswil-Süsswasserkalk
15200619	205	210	140	Limnischer Horizont (OMM-I)
15200620	200	150	100	Dardagny-Sandstein
15200621	255	230	180	Napf-Formation, proximale Fazies
15200622	255	230	180	Napf-Formation, distale Fazies
15200623	255	235	190	Le-Locle-Formation
15200624	255	230	180	Le-Verger-Member
15200625	255	230	180	Combe-Girard-Member
15200626	245	235	180	Crêt-du-Locle-Formation
15200627	245	235	180	Crêt-du-Locle-Formation, Mergelfazies
15200628	225	210	145	Gitzigrabe-Grobsandstein
15200629	240	215	70	Trois-Rods-Süsswasserkalk
15200630	240	215	70	Champ-Vuillerat-Süsswasserkalk
15200631	240	220	220	Wolhusen-Bentonit
15200632	210	220	230	Gitzitobel-Süsswasserkalk
15200633	210	220	230	Wissenbach-Süsswasserkalk
15200634	210	220	230	Altbach-Süsswasserkalk
15200635	210	220	230	Tröleten-Süsswasserkalk
15200636	210	220	230	Tschöplihof-Süsswasserkalk
15200637	200	160	115	Lienegg-Formation
15200638	200	160	115	Öligraben-Formation
15200639	240	210	200	Studweid-Formation
15200640	240	215	70	Rossemaison-Formation
15200641	245	150	95	Schwaningen-Merenbach-Rhyolith
15200642	230	135	95	Schwaningen-Weizen-Granit
15200643	220	120	100	Etzgen-Granit
15200644	200	160	115	Karbonatreiche Molasse
15200645	200	160	115	Karbonatreiche Molasse: Kalk-Dolomit-Nagelfluh
15202001	250	225	75	Habkern-Melange
15202002	250	225	75	Sörenberg-Melange
15202003	250	225	75	Wildhaus-Melange
15202004	250	240	125	Südhelvetische Flyscheinheiten
15202005	250	240	125	Nordhelvetische Flysch-Gruppe
15202006	255	245	165	Matt-Formation
15202007	255	245	165	Engi-Dachschiefer
15202008	255	245	165	Gruontal-Konglomerat
15202009	255	245	130	Elm-Formation
15202010	255	245	165	Rüschenweid-Bank
15202011	240	235	105	Taveyannaz-Formation
15202012	240	180	100	Paläogen des Helvetikums
15202013	255	225	125	Stad-Formation
15202014	255	225	125	Wängen-Kalk
15202015	255	225	125	Jochstock-Konglomerat
15202016	255	210	120	Sanetsch-Formation
15202017	255	210	120	Pierredar-Kalk
15202018	255	210	120	Tsanfleuron-Member
15202019	255	210	120	Diablerets-Member
15202020	255	210	95	Niederhorn-Formation
15202021	255	210	95	Gemmenalp-Kalk
15202022	255	210	95	Hohgant-Sandstein
15202023	255	210	95	Wagenmoos-Bänke
15202024	250	190	95	Wildstrubel-Formation
15202025	250	190	95	Schimberg-Member
15202026	250	190	95	Tierberg-Member
15202027	250	190	95	Küblibad-Member
15202028	245	170	90	Klimsenhorn-Formation
15202029	245	170	90	Fruttli-Member
15202030	245	170	90	Band-Member
15202031	245	170	90	Fräkmünt-Member
15202032	245	170	65	Bürgen-Formation
15202033	245	170	65	Foribach-Member
15202034	245	170	65	Mattgrat-Member
15202035	245	170	65	Scharti-Member
15202036	245	150	65	Euthal-Formation
15202037	245	170	65	Steinbach-Member
15202038	245	150	65	Einsiedeln-Member
15202039	245	150	65	Batöni-Member
15202040	245	150	65	Chruteren-Member
15202041	245	150	65	Fliegenspitz-Member
15202042	245	110	50	Siderolithikum (des Helvetikums)
15202043	245	110	50	Grindelwald-Marmor
15202044	255	210	95	Mürren-Brekzie
15202045	245	110	50	Dünden-Konglomerat
15202046	245	110	50	Rosenlaui-Marmor
15202047	150	200	150	Kreide des Helvetikums
15202048	135	155	90	Wang-Formation
15202049	210	220	60	Amden-Mergel
15202050	185	210	110	Seewen-Formation
15202051	185	210	110	Choltal-Member
15202052	245	155	155	Garschella-Formation
15202053	245	155	155	Selun-Member
15202054	245	155	155	Kamm-Bank
15202055	245	155	155	Aubrig-Schichten
15202056	245	155	155	Wannenalp-Bank
15202057	245	155	155	Sellamatt-Schichten
15202058	245	155	155	Plattenwald-Bank
15202059	245	155	155	Durschlägi-Bank
15202060	245	155	155	Niederi-Schichten
15202061	245	155	155	Twäriberg-Bank
15202062	245	155	155	Klaus-Bank
15202063	245	155	155	Rankweil-Member
15202064	245	173	181	Brisi-Member
15202065	245	155	155	Brisi-Kalk
15202066	245	155	155	Brisi-Sandstein
15202067	245	155	155	Gams-Schichten
15202068	245	155	155	Luitere-Bank
15202069	245	155	155	Freschen-Member
15202070	245	155	155	Hochkugel-Schichten
15202071	245	155	155	Grünten-Member
15202072	245	155	155	Rohrbachstein-Bank
15202073	140	200	175	Schrattenkalk-Formation
15202074	140	200	175	Rawil-Member
15202075	195	200	155	Tierwis-Formation
15202076	195	200	155	Chopf-Bank
15202077	195	200	155	Drusberg-Member
15202078	195	200	155	Altmann-Member
15202079	195	185	75	Helvetischer Kieselkalk
15202080	195	185	75	Chriesiloch-Echinodermenkalk
15202081	195	185	75	Lidernen-Member
15202082	195	185	75	Gemsmättli-Bank
15202083	195	185	75	Rahberg-Bank
15202084	160	210	120	Betlis-Formation
15202085	160	210	120	Pygurus-Member
15202086	160	210	120	Spitzern-Member
15202087	160	210	120	Büls-Bank
15202088	145	195	110	Sichel-Kalk
15202089	130	180	100	Diphyoides-Kalk
15202090	110	165	140	Vitznau-Mergel
15202091	120	175	150	Öhrli-Formation
15202092	65	150	140	Palfris-Formation
15202093	165	200	195	Zementstein-Formation
15202094	165	200	195	Graspass-Member
15202095	165	200	195	Gassen-Kalk
15202096	160	200	240	Malm des Helvetikums
15202097	150	210	210	Quinten-Formation
15202098	150	210	210	Tros-Kalk
15202099	150	210	210	«Mergelband»
15202100	110	175	190	Schilt-Formation
15202101	110	175	190	Mürtschen-Member
15202102	110	175	190	«Schilt-Mergel»
15202103	110	175	190	«Schilt-Kalk»
15202104	110	175	190	Seeztal-Member
15202105	110	175	190	Windgällen-Member
15202106	180	160	140	Dogger des Helvetikums
15202107	240	210	170	Erzegg-Formation
15202108	235	200	160	Reischiben-Formation
15202109	235	200	160	Blegi-Eisenoolith
15202110	235	200	160	Bannalp-Konglomerat
15202111	235	200	160	Guppen-Fossilhorizont
15202112	235	200	160	Gursbach-Fossilhorizont
15202113	220	185	145	Hochstollen-Formation
15202114	220	185	145	Schwarzhorn-Member
15202115	220	185	145	Bietenhorn-Member
15202116	190	110	75	Bommerstein-Formation
15202117	200	75	75	Mols-Member
15202118	180	90	90	Dugny-Formation
15202119	180	90	90	Coroi-Formation
15202120	175	150	200	Lias des Helvetikums
15202121	225	205	235	Brunnistock-Formation
15202122	225	205	235	Inferno-Formation
15202123	215	195	225	Monts-Rosset-Formation
15202124	215	195	225	Torrentalp-Member
15202125	205	180	210	Sexmor-Formation
15202126	190	165	200	Mont-Joly-Formation
15202127	190	165	200	Galm-Member
15202128	175	150	200	Spitzmeilen-Formation
15202129	170	125	180	Tierces-Formation
15202130	170	125	180	Bachalp-Formation
15202131	160	110	170	Prodkamm-Formation
15202132	160	110	170	Cardinia-Member
15202133	160	110	170	Stgir-Formation
15202134	240	160	120	Trias des Helvetikums
15202135	200	150	150	Besoëns-Formation
15202136	255	215	155	Quarten-Formation
15202137	250	180	90	Arandellys-Formation
15202138	250	180	90	Griaz-Member
15202139	250	180	90	Röti-Formation
15202140	245	150	50	Vieux-Emosson-Formation
15202141	245	150	50	Mels-Formation
15202142	175	150	125	Permo-Karbon des Helvetikums
15202143	195	95	60	Verrucano-Gruppe
15202144	195	95	60	Glarus-Verrucano
15202145	195	95	60	Schönbüel-Formation
15202146	195	95	60	Schönbüel-Quarzit
15202147	195	95	60	Kärpf-Formation
15202148	195	95	60	Karrenstock-Formation
15202149	195	95	60	Chartegg-Member
15202150	195	95	60	Fuggstock-Member
15202151	195	95	60	Mären-Formation
15202152	195	95	60	Üblital-Formation
15202153	195	95	60	Ilanz-Verrucano
15202154	160	180	150	Vernayaz-Formation
15202155	160	180	150	Salvan-Member
15202156	160	180	150	Vallorcine-Konglomerat
15202157	225	130	110	Haslital-Gruppe
15202158	225	130	110	Gastern-Granit
15202159	225	130	110	Mittagflue-Granit
15202160	225	130	110	Zentraler Aare-Granit
15202161	225	130	110	Grimsel-Granodiorit
15202162	225	130	110	Südwestlicher Aare-Granit
15202163	225	130	110	Bugnei-Granodiorit
15202164	165	185	165	Spät- bis postvariszische Sedimente und Vulkanite des Aar-Massivs
15202165	165	185	165	Wendenjoch-Formation
15202166	165	185	165	Windgällen-Formation
15202167	165	185	165	Trift-Formation
15202168	165	185	165	Intschi-Formation
15202169	165	185	165	Bifertengrätli-Formation
15202170	165	185	165	Lakustrisches Member
15202171	165	185	165	Estuarisches Member
15202172	165	185	165	Basales Konglomerat (Bifertengrätli)
15202173	165	185	165	Grünhorn-Member («Vulkanisches Member»)
15202174	160	180	140	Diechtergletscher-Formation
15202175	160	180	140	Tscharren-Formation
15202177	220	110	115	Fruttstock-Gruppe
15202178	220	110	115	Brunni-Granit
15202179	220	110	115	Düssi-Diorit
15202180	220	110	115	Munt-Dado-Granit
15202181	220	110	115	Russein-Diorit
15202182	220	110	115	Voralp-Granit
15202183	220	90	120	Rötifirn-Gruppe
15202184	220	90	120	Punteglias-Granit
15202185	220	90	120	Tödi-Granit
15202186	220	90	120	Strem-Granit
15202187	220	90	120	Baltschieder-Granodiorit
15202188	220	90	120	Giuv-Syenit
15202189	220	90	120	Curtin-Monzodiorit
15202190	220	90	120	Bristenstock-Syenit
15202191	140	160	130	Cavardiras-Gruppe
15202192	140	160	130	Val-Gliems-Formation
15202193	140	160	130	Bifertenfirn-Formation
15202194	250	210	210	Prävariszisches polyzyklisches Grundgebirge des Aar-Massivs
15202195	250	190	175	Innertkirchen-Migmatit
15202196	220	175	150	Zäsenberg-Gneis
15202197	250	210	210	Erstfeld-Gneiskomplex
15202198	250	210	210	Guttannen-Gneiskomplex
15202199	245	160	175	Straligenstöckli-Gneiskomplex
15202200	220	175	150	Lötschental-Gneiskomplex
15202201	250	190	175	Ofenhorn-Stampfhorn-Gneiskomplex
15202202	220	110	115	Fully-Granodiorit
15202203	200	90	80	Plex-Aboyeu-Rhyolith
15202204	220	110	115	Vallorcine-Granit
15202205	220	110	115	Miéville-Mylonit
15202206	220	90	120	Montées-Pélissiers-Granit
15202207	220	90	120	Pormenaz-Granit
15202209	140	160	130	Viséen
15202210	220	175	150	Emosson-Glimmerschiefer
15202211	245	160	175	Luisin-Orthogneis
15202212	250	210	210	Val-Bérard-Gneiskomplex
15202213	90	175	110	Lac-Cornu-Eklogit
15202214	245	160	175	Perrons-Orthogneis
15202215	245	145	95	Breya-Rhyolith
15202216	225	130	110	Mont-Blanc-Granit
15202217	225	130	110	Montenvers-Granit
15202218	245	160	175	Lognan-Orthogneis
15202219	245	160	175	Pétoudes-Orthogneis
15202220	225	130	110	Pesciora-Gruppe
15202221	225	130	110	Rotondo-Granit
15202222	225	130	110	Cacciola-Granit
15202223	225	130	110	Sädelhorn-Diorit
15202224	225	130	110	Winterhorn-Granit
15202225	220	110	115	Val-Lavaz-Gruppe
15202226	220	110	115	Medel-Granit
15202227	220	110	115	Cristallina-Granodiorit
15202228	220	110	115	Gamsboden-Granit
15202229	220	110	115	Uffiern-Diorit
15202230	220	110	115	Fibbia-Granit
15202231	140	160	130	Val-Rondadura-Gruppe
15202232	140	160	130	Borel-Gneiskomplex
15202233	140	160	130	Tenelin-Gneiskomplex
15202234	140	160	130	Laiets-Gneiskomplex
15202235	140	160	130	Tremola-Gneiskomplex
15202236	140	160	130	Pontino-Gneiskomplex
15202237	140	160	130	Nelva-Gneiskomplex
15202238	140	160	130	Sasso-Rosso-Gneiskomplex
15202239	140	160	130	Prüsfa-Gneiskomplex
15202240	245	160	175	Streifengneis-Komplex
15202241	75	125	100	Chastelhorn-Metagabbro
15202242	220	175	150	Gurschen-Gneis
15202243	220	175	150	Guspis-Gneis
15202244	220	175	150	Sorescia-Gneis
15202245	250	210	210	Undifferenzierte Kristallingesteine
15202246	245	0	45	Granitartige Gesteine
15202247	245	70	0	Saure vulkanische und subvulkanische Gesteine
15202254	175	125	50	Permische Sedimente der Ilanz-Zone
15202255	250	210	210	Permisch verwittertes Kristallin
15202256	165	185	165	Goltschenried-Formation
15202257	250	210	210	Oberaar-Furka-Zone
15202258	250	210	210	Ausserberg-Avat-Zone
15202259	250	190	175	Migmatit der Ausserberg-Avat-Zone
15202260	245	160	175	Granitischer Gneis der Ausserberg-Avat-Zone
15202261	220	175	150	Paragneis der Ausserberg-Avat-Zone
15202262	250	210	210	Clavaniev-Zone
15202263	245	160	175	Engi-Granit
15202264	250	190	175	Calmut-Gneiskomplex
15202265	220	175	150	Val-Pigniu-Gneiskomplex
15202266	175	150	125	Permo-Karbon der Urseren-Garvera-Zone
15202267	250	210	210	Goms-Gneiskomplex
15202268	250	210	210	Ausserbinn-Piz-Cavel-Zone
15202269	250	190	175	Migmatit der Ausserbinn-Piz-Cavel-Zone
15202270	220	175	150	Paragneis der Ausserbinn-Piz-Cavel-Zone
15202271	225	130	110	Prosa-Granit
15202272	225	130	110	Val-Tremola-Granit
15202273	250	210	210	Leventina-Gneis
15202274	245	160	175	Orthogneis der Lukmanier-Decke
15202275	220	175	150	Paragneis der Lukmanier-Decke
15202276	200	215	175	Val-Stgira-Riffmarmor
15202277	200	215	175	Fossilmarmor
15202278	250	180	90	Fanee-Trias
15202279	250	240	125	Ultrahelvetische Flyscheinheiten
15202280	250	225	75	Sardona-Melange
15202281	222	212	105	Martinsmad-Formation
15202282	250	240	125	Obere Flyschabfolge (Sardona)
15202283	222	212	105	Sardona-Quarzit
15202284	250	240	125	Untere Flyschabfolge (Sardona)
15202285	250	240	125	Meilleret-Formation
15202286	250	240	125	Lavtina-Sandstein
15202287	250	240	125	Blattengrat-Sandstein
15202288	250	240	125	Burg-Sandstein
15202289	255	245	130	Val-d'Illiez-Sandstein
15202290	250	230	110	Muot-da-Rubi-Formation
15202291	250	230	110	Ahornen-Member
15202292	250	230	110	Kistenstöckli-Member
15202293	250	230	110	Ghölzwald-Member
15202294	250	230	110	Malor-Member
15202295	250	230	110	Südelbach-Member
15202296	255	225	125	Kleintal-Konglomerat
15202297	255	225	125	Rütenen-Konglomerat
15202298	125	175	250	Jura des Helvetikums
15202299	135	155	90	Wang-Brekzie
15202300	140	200	175	«Oberer Schrattenkalk»
15202301	140	200	175	«Unterer Schrattenkalk»
15202302	150	210	210	«Oberer Quinten-Kalk»
15202303	150	210	210	«Unterer Quinten-Kalk»
15202304	240	210	170	Planplatte-Eisenoolith
15202305	200	75	75	Geissbach-Konglomerat
15202306	200	75	75	Stöcki-Sandstein
15202307	250	225	75	Infrapräalpines Melange
15202308	250	225	75	Iberg-Melange
15202309	250	240	125	Surbrunnen-Flysch
15202310	250	225	75	Roggenegg-Komplex
15202311	250	225	75	Isentobel-Komplex
15202312	250	225	75	Serhalten-Flysch
15202313	250	240	125	Gwürz-Flysch
15202314	250	225	75	Ruestel-Flysch
15202315	250	240	125	Scheidegg-Flysch
15202316	245	160	175	Habkern-Granit
15202317	250	225	75	Gros-Plané-Melange
15202318	250	225	75	Bodevena-Melange
15202319	250	225	75	Subalpiner Flysch
15202320	215	195	225	Torrenthorn-Formation
15202321	160	110	170	Weissgandstöckli-Bank
15202322	195	95	60	Grisch-Member
15202323	195	95	60	Foostock-Member
15202324	195	95	60	Murgtal-Formation
15202325	200	175	150	Dzéman-Member
15202326	225	130	110	Aplitische Randfazies des Zentralen Aare-Granits
15202327	200	90	80	Chli-Windgällen-Rhyolith
15202328	250	210	210	Bäregg-Gneiskomplex
15202329	245	160	175	Gärsthorn-Gneiskomplex
15202330	220	175	150	Sogn-Placi-Gneiskomplex
15202331	250	190	175	Massa-Gneiskomplex
15202332	220	110	115	Mittelvariszische Intrusiva des Aiguilles-Rouges-Massivs
15202333	220	90	120	Frühvariszische Intrusiva des Aiguilles-Rouges-Massivs
15202334	250	210	210	Prävariszisches polyzyklisches Grundgebirge des Aiguilles-Rouges-Massivs
15202335	220	175	150	Chéserys-Gneis
15202336	225	130	110	Spät- bis postvariszische Intrusiva des Mont-Blanc-Massivs
15202337	250	210	210	Prävariszisches polyzyklisches Grundgebirge des Mont-Blanc-Massivs
15202338	140	160	130	Alp-Cavradi-Gneiskomplex
15202339	140	160	130	Giubine-Gneiskomplex
15202340	250	210	210	Prävariszisches polyzyklisches Grundgebirge der Gotthardt-Decke
15202341	220	175	150	Unterwassern-Gneis
15202343	245	160	175	Sassina-Augengneis
15202344	245	160	175	Alp-Ramosa-Granitgneis
15202346	220	175	150	Val-Nalps-Gneiskomplex
15202347	220	175	150	Prato-Gneis
15202348	220	175	150	Distelgrat-Gneis
15202349	245	160	175	Val-Gronda-Augengneis
15202350	175	185	110	Fuorcla-Paradis-Serpentinit
15202351	250	190	175	Paradis-Gneiskomplex
15202352	250	190	175	Oberstafel-Gneis
15202353	250	190	175	Ganneretsch-Gneis
15202354	90	175	110	Corandoni-Amphibolit
15202355	250	210	210	Prävariszisches polyzyklisches Grundgebirge der Tavetsch-Decke
15202356	250	210	210	Rueras-Gneiskomplex
15202357	140	160	130	Prä- und Frühvariszische Sedimente und Vulkanite des Aiguilles-Rouges-Massivs
15202358	160	180	150	Au-d'Arbignon-Schiefer
15202359	160	180	150	Dorénaz-Konglomerat
15202360	250	225	75	«Wildflysch», undifferenziert
15202361	250	225	75	Plaine-Morte-Melange
15202362	250	225	75	Mättental-Melange
15202363	250	240	125	Höchst-Flysch
15202364	250	225	75	Kiental-Melange
15202365	210	190	220	Termen-Tonschiefer
15202366	180	135	190	Termen-Kalkschiefer
15202367	210	190	220	Nufenen-Knotenschiefer
15202368	190	155	200	Nufenen-Sandstein
15202369	170	120	180	Nufenen-Granatschiefer
15202370	160	110	170	«Untere Stgirserie»
15202371	160	110	170	Stgir-Formation, Oberer Teil
15202372	225	205	235	Runcaleida-Schichten
15202373	225	205	235	Riein-Schichten
15202374	195	95	60	Meierhof-Phyllit
15202375	195	95	60	Waltensburg-Verrucano
15202376	195	95	60	Ruinas-Sandstein
15202377	255	210	95	Berglikehle-Schichten
15202378	220	110	115	Rossplatten-Diorit
15202379	220	110	115	Schöllenen-Diorit
15202380	210	220	60	Grotzen-Austernbank
15202381	175	195	165	Hurst-Mergel
15202382	195	185	75	Palis-Member
15202383	120	175	150	«Oberer Öhrlikalk»
15202384	120	175	150	«Oberer Öhrlimergel»
15202385	120	175	150	«Unterer Öhrlikalk»
15202386	175	150	200	«Obere Spitzmeilenserie»
15202387	175	150	200	«Untere Spitzmeilenserie»
15202388	175	150	200	«Basale Spitzmeilenserie»
15202389	160	110	170	«Obere Prodkammserie»
15202390	160	110	170	«Mittlere Prodkammserie»
15202391	160	110	170	«Untere Prodkammserie»
15202392	190	90	55	Sandpass-Formation
15202393	255	210	120	Roc-Champion-Konglomerat
15202394	255	225	125	Spirstock-Member
15202395	185	210	110	«Roter Seewenkalk»
15202396	185	210	110	Untere Götzis-Bank
15202397	245	155	155	Col-de-la-Plaine-Morte-Bank
15202398	160	210	120	«Oberer Betliskalk»
15202399	160	210	120	«Unterer Betliskalk»
15202400	225	205	235	Vättis-Fossilbrekzie
15202401	225	205	235	«Obere Infernoserie»
15202402	225	205	235	«Mittlere Infernoserie»
15202403	225	205	235	«Untere Infernoserie»
15202404	205	180	210	«Obere Sexmorserie»
15202405	205	180	210	«Untere Sexmorserie»
15202406	160	110	170	«Leitoolith»
15202411	255	225	125	Lochegg-Brekzie
15202412	165	200	195	«Obere Zementsteinschichten»
15202413	165	200	195	«Untere Zementsteinschichten»
15202414	190	110	75	«Rote Echinodermenbrekzie»
15202415	190	110	75	«Obere Tonschiefer» (Bommerstein-Fm.)
15202416	190	110	75	Glockhaus-Member
15202417	180	90	90	«Basaler Quarzit» (Coroi-Fm.)
15202418	250	180	90	Rauwacke (Röti-Fm.)
15202419	245	150	50	Col-du-Jorat-Member
15202420	255	215	155	«Equisetenschiefer»
15202421	210	220	60	Leist-Mergel
15202422	210	220	60	Leiboden-Mergel
15202423	185	210	110	«Seewerartiger Kalk»
15202424	245	155	155	«Formation gréso-glauconieuse»
15202425	250	175	175	«Marnes noires pyriteuses»
15202426	240	145	145	«Calcaires gréso-glauconieux»
15202427	240	200	175	«Calcarénites beiges oolitiques»
15202428	195	185	75	«Calcaire siliceux brunâtre»
15202429	170	210	155	Villarbeney-Formation
15202430	170	210	155	Veveyse-de-Châtel-Member
15202431	160	200	160	Riondouneire-Member
15202432	150	200	225	Jogne-Formation
15202433	175	225	225	«Calcaires bréchiques»
15202434	165	215	230	Vuavres-Member
15202435	140	180	225	Planière-Member
15202436	240	220	180	Bifé-Formation
15202437	240	220	200	«Calcaire à ciment» (Bifé-Fm.)
15202438	240	220	180	Joux-Galez-Member
15202439	235	200	160	Pereyres-Formation
15202440	200	150	125	Praz-Couquain-Formation
15202442	175	150	200	«Lias des Mines»
15202443	200	150	125	Taffon-Member
15202444	200	150	125	Saix-Member
15202445	180	200	160	Cergnement-Member
15202446	250	240	125	Arveyes-Flysch
15202447	250	240	125	Sex-Mort-Flysch
15202448	160	180	140	Maasplanggstock-Metaandesit
15202449	220	110	115	Dammagletscher-Diorit
15202450	185	160	210	Schiefriger Mines-Lias
15202451	165	140	190	Kalkiger Mines-Lias
15202452	190	140	160	Basaler Mines-Lias
15202453	195	95	60	Tektonisierte Basis des Glarner-Verrucano («Plagioklasgneis»)
15202454	250	190	175	Chrüzlistock-Migmatit
15202455	250	190	175	Piz-Cuolmet-Gneiskomplex
15202456	220	175	150	Pulanera-Gneiskomplex
15202464	175	150	125	Spät- bis postvariszische Sedimente und Vulkanite des Helvetikums
15202465	175	150	125	Permo-Karbon des Aiguilles-Rouges-Massivs
15202466	225	175	175	Kristallin des Helvetikums
15202467	225	175	175	Variszisches Kristallin des Helvetikums
15202468	250	210	210	Prävariszisches polyzyklisches Grundgebirge des Helvetikums
15202469	250	210	210	Undifferenziertes Kristallin des Helvetikums
15202472	250	190	175	Catogne-Gneiskomplex
15202473	245	145	95	Grépillon-Leukogranitporphyr
15202474	245	145	95	Arpette-Leukogranit
15202475	215	85	115	Bitschji-Augengneis
15202476	215	85	115	Geimen-Augengneis
15202477	250	190	175	Altkristallin des Mont-Blanc-Massivs, migmatitisch
15202478	250	210	210	Altkristallin des Mont-Blanc-Massivs, amphibolitreich
15202479	250	210	210	Altkristallin des Mont-Blanc-Massivs, mylonitisch
15202480	245	145	95	Morcles-Mikrogranit
15202481	250	190	175	Altkristallin des Aiguilles-Rouges-Massivs, migmatitisch
15202482	250	190	175	Fully-Gneiskomplex
15202483	225	130	110	Hinterbalm-Granit
15202484	225	130	110	Balmenegg-Granit
15202485	225	130	110	Unter-der-Flue-Granit
15202486	225	130	110	Pardatschas-Granit
15202487	225	130	110	Rossbodenstock-Diorit
15202488	220	90	120	Val-da-Surplattas-Diorit
15202489	200	90	80	Rinderbiel-Mikrogranit
15202490	240	130	70	Dachquarzit (Leventina)
15202491	195	95	60	Kapfen-Formation
15202492	195	95	60	Kapfen-Sandstein
15202493	195	95	60	Kärpfgipfel-Sernifit
15202494	195	95	60	Fulen-Formation
15202495	195	95	60	Glattmatt-Member
15202496	195	95	60	Hahnenstock-Keratophyr
15202497	195	95	60	Sonnenberg-Horizonte
15202498	195	95	60	Chamseeli-Konglomerat
15202499	195	95	60	Rotberg-Sandstein
15202500	195	95	60	Seez-Member
15202501	195	95	60	Gufelialp-Member
15202502	195	95	60	Ilanz-Verrucano s.s.
15202503	195	95	60	Buntgefleckte Schiefer
15202504	175	125	50	Perm der Tavetsch-Decke (Val Acla Mulin)
15202505	200	90	80	Windgällenlücke-Mikrogranit
15202506	200	90	80	Sandalp-Rhyolith
15202507	160	180	140	Tuffitisches Member (Tscharren)
15202508	160	180	140	Ignimbritisches Member (Tscharren)
15202509	245	150	65	Guschakopf-Sandstein
15202510	150	210	210	Gonzen-Eisenerzhorizont
15202511	250	225	75	Schabell-Mélange
15202512	240	235	105	Taveyannaz-Sandstein, Dachschiefer vorherrschend
15202513	195	185	75	Helvetischer Kieselkalk, Oberer Teil
15202514	195	185	75	Helvetischer Kieselkalk, Unterer Teil
15202515	195	185	75	Helvetischer Kieselkalk, Basisschiefer
15202516	215	195	225	Toarcienschiefer
15202517	215	198	225	Toarcienspatkalk
15202518	215	195	225	Domérien-Sandstein
15202519	190	165	200	Pliensbachien-Spatkalk
15202520	190	165	200	Lotharingien-Sandstein
15202521	250	240	125	Iserin-Flysch
15202522	250	240	125	Meilleret-Formation, Calcaires organo-détritiques
15202523	250	240	125	Meilleret-Formation, Arkose
15202524	250	240	125	Meilleret-Formation, Conglomérat basal
15202525	190	110	75	Grenzquarzit der Bommerstein-Formation
15202526	225	130	110	Telltistock-Granit
15202527	120	175	150	Öhrli-Formation, vom Siderolithikum durchsetzt
15202528	225	130	110	Beesten-Granit
15202529	200	90	80	Garwiidi-Diorit
15202530	220	90	120	Alp-Crap-Ner-Granit
15202531	250	190	175	Innertkirchen-Migmatit, permisch verwittert
15202532	250	210	210	Erstfeld-Gneiskomplex, permisch verwittert
15202533	250	240	125	Suren-Flysch
15202534	255	225	125	Obere Sandsteine (Spirstock)
15202535	255	225	125	Blockmergel (Spirstock)
15202536	255	225	125	Untere Sandsteine (Spirstock)
15202537	195	185	75	Ringgenberg-Schichten
15202538	150	210	210	Malmbrekzie
15202539	175	225	225	Schattwald-Mergelkalk
15202540	250	240	125	Elm- und Matt-Formation, undifferenziert
15202541	250	240	125	Elm- und Matt-Formation: Quarzsandstein
15202542	250	240	125	Elm- und Matt-Formation: schiefriger Tonstein
15202543	175	195	165	Schwalmern-Schiefer
15202544	195	200	155	Schwalmern-Kalk
15202545	180	100	175	Glockhaus-Member: Schiefriger Eisensandstein
15202546	250	180	90	Dolomit der Helvetische Trias
15202547	240	200	190	Rauwacke der Helvetische Trias
15202548	250	210	90	Gips der Helvetische Trias
15202549	220	90	120	Baltschieder-Granodiorit: Biotittonalit
15202550	220	90	120	Baltschieder-Granodiorit: Hornblende Biotittonalit
15202551	250	210	210	Erstfeld-Gneiskomplex: Biotit-Plagioklasgneis
15202552	245	160	175	Erstfeld-Gneiskomplex: Orthogneis
15202553	250	190	175	Erstfeld-Gneiskomplex: Migmatit
15202554	220	175	150	Guttannen-Gneiskomplex: Paragneis
15202555	245	160	175	Guttannen-Gneiskomplex: Orthogneis
15202556	200	180	160	Guttannen-Gneiskomplex: Biotit-Choritschiefer
15202557	200	175	150	Guttannen-Gneiskomplex: Chlorit-Serizitschiefer
15202558	250	210	210	Lötschental-Gneiskomplex: Muskovitgneis
15202559	250	190	175	Lötschental-Gneiskomplex: migmatitischer Biotitgneis
15202560	200	180	160	Lötschental-Gneiskomplex: Chloritschiefer
15202561	250	210	210	Ofenhorn-Stampfhorn-Gneiskomplex: gebänderter Biotit-Plagioklasgneis
15202562	250	190	175	Ofenhorn-Stampfhorn-Gneiskomplex: Migmatit
15202563	220	175	150	Ofenhorn-Stampfhorn-Gneiskomplex: Biotitgneis
15202564	245	160	175	Ofenhorn-Stampfhorn-Gneiskomplex: Orthogneis
15202565	245	160	175	Bäregg-Gneiskomplex: mylonitischer Orthogneis
15202566	220	175	150	Bäregg-Gneiskomplex: mylonitischer Paragneis
15202567	250	210	210	Bäregg-Gneiskomplex: Metavulkanite
15202568	225	130	110	Grimsel-Granodiorit: aplitische Randfazies
15202569	220	110	115	Voralp-Granit: saure Randfazies
15202570	250	210	210	Tamina-Gneiskomplex
15202571	250	210	210	Tamina-Gneiskomplex: schiefriger Biotitgneis
15202572	250	210	210	Tamina-Gneiskomplex: mylonitisch
15202573	50	150	200	Innertkirchen-Migmatit: Marmor
15202574	250	190	175	Guttannen-Gneiskomplex: Migmatit
15202575	250	190	175	Guttannen-Gneiskomplex: Amphibolit führend
15202576	250	100	100	Guttannen-Gneiskomplex: aplitischer Granit
15202577	50	150	200	Guttannen-Gneiskomplex: Marmor
15202578	175	185	110	Guttannen-Gneiskomplex: Ultramafit
15202579	250	190	175	Ofenhorn-Stampfhorn-Gneiskomplex: mit Schollenamphibolit
15202580	250	100	100	Ofenhorn-Stampfhorn-Gneiskomplex: aplitischer Granit
15202581	90	175	110	Ofenhorn-Stampfhorn-Gneiskomplex: Schollenamphibolit
15202582	175	185	110	Ofenhorn-Stampfhorn-Gneiskomplex: Ultramafit
15202583	200	150	125	Bommerstein- und Reischiben-Formation, undifferenziert
15202584	250	150	100	Mels- und Röti-Formation, undifferenziert
15202585	225	175	150	Guttannen-Gneiskomplex: schierfriger Biotit-Chlorit-Serizit-Gneis
15202586	225	225	75	Zettenalp-Trochematt-Melange
15202587	250	240	125	Laubersmad-Flysch
15202588	255	225	125	"Jüngerer Quarzsandstein" (Stad-Fm.)
15202589	240	145	60	"Älterer Quarzsandstein" (Einsiedeln-Mb.)
15202590	140	200	175	Schrattenkalk-Formation, vermergelt
15202591	255	210	95	"Lithothamnienkalk"
15202592	240	145	60	"Alveolinenkalk"
15202594	250	225	75	Tektonisches Melange der Internen Einsiedeln-Schuppen
15202595	245	180	75	Bürgen- und Wildstrubel-Formation, undiff.
15202596	245	160	65	Euthal-Formation und Steinbach-Member, undiff.
15202597	255	225	125	Stad-Formation (e6)
15202598	175	150	200	Stgir- und Inferno-Formation, undifferenziert
15202599	150	210	210	Oberer Quintner Kalk: Korallenkalk
15202602	195	95	60	Plattazüg-Formation
15202603	150	200	150	Zemenstein- bis Garschella-Formation, undifferenziert
15203001	235	220	110	Niesen-Flysch
15203002	235	220	110	Chesselbach-Formation
15203003	235	220	110	Seron-Formation
15203004	235	220	110	Niesenkulm-Formation
15203005	235	220	110	Frutigen-Formation
15203006	175	155	130	Grande-Eau-Formation
15203007	175	155	130	Langy-Member
15203008	175	155	130	Forclaz-Member
15203009	175	155	130	Grès de Passage
15203010	175	155	130	Leyderry-Member
15203011	175	155	130	Raverette-Member
15203012	175	155	130	Schistes à Miches
15203013	165	150	200	Murgaz-Kalk
15203014	250	180	90	Trias der Niesen-Decke
15203015	160	170	140	Chlussli-Formation
15203016	245	240	105	Coulaytes-Melange
15203017	230	225	0	Cuvigne-Derrey-Formation
15203018	195	220	90	Couches-Rouges-Gruppe
15203019	225	235	95	Chenaux-Rouges-Formation
15203020	225	235	95	Hochmatt-Kalkarenit
15203021	225	235	95	Chenaux-Rouges-Mineralkruste
15203022	185	215	80	Forclettes-Formation
15203023	185	215	80	Roter-Sattel-Hartgrund
15203024	185	215	80	Beaumont-Konglomerat
15203025	185	215	80	Rayes-Kalk
15203026	185	215	80	Pissot-Member
15203027	175	210	70	Rote-Platte-Formation
15203028	175	210	70	Wildenbach-Member
15203029	175	210	70	Pra-du-Pont-Hartgrund
15203030	175	210	70	Rontins-Member
15203031	175	210	70	Allières-Member
15203032	175	210	70	Gérignoz-Kalk
15203033	175	210	70	Plagersflue-Kalkarenit
15203034	240	140	120	Intyamon-Formation
15203035	240	140	120	Chällihorn-Member
15203036	240	140	120	Comba-d'Avau-Member
15203037	240	140	120	Rodosex-Member
15203038	170	210	155	Sciernes-d'Albeuve-Formation
15203039	165	215	230	Moléson-Formation
15203040	140	180	225	Torrent-de-Lessoc-Formation
15203041	195	140	110	Staldengraben-Formation
15203042	215	170	110	Col-de-Lys-Member
15203043	205	155	125	Vanil-Carré-Member
15203044	173	120	89	Verdy-Member
15203045	195	140	110	Soladier-Member
15203046	185	160	150	Sommant-Formation
15203047	175	125	150	Rossinière-Formation
15203048	210	180	220	Heiti-Formation
15203049	175	150	175	Combe-du-Pissot-Formation
15203050	175	150	175	Chevalets-Schichten
15203051	175	150	175	Creux-de-l'Ours-Schichten
15203052	220	180	220	Petit-Liençon-Formation
15203053	220	180	220	Arvel-Formation
15203054	180	140	200	Grande-Bonavau-Formation
15203055	180	140	200	Chauderon-Formation
15203056	180	165	185	Vudalla-Formation
15203057	180	165	185	Bois-de-Luan-Member
15203058	180	165	185	Agreblierai-Member
15203059	190	140	170	Col-de-Tompey-Formation
15203060	195	145	150	Plan-Falcon-Formation
15203061	250	190	120	Dolomies Blondes
15203062	250	180	80	Clôt-la-Cime-Formation
15203063	170	210	155	Neokom
15203064	165	215	230	Malmkalk
15203065	140	180	225	Knollenargovien
15203066	220	200	160	Griggeli-Formation
15203067	220	200	160	Mythen-Kieselkalk
15203068	220	200	160	Griggeli-Bank
15203069	180	160	140	Gibel-Formation
15203070	180	160	140	Rämsi-Member
15203071	180	160	140	Gibel-Member
15203072	180	160	140	Steinberg-Konglomerat
15203073	180	160	140	Musenalp-Member
15203074	170	140	110	Stanserhorn-Formation
15203075	170	140	110	Zoophycos-Schichten
15203076	170	140	110	Spis-Kalk
15203077	170	140	110	«Posidonienschiefer» (der Stanserhorn-Fm.)
15203078	220	180	220	Obflue-Formation
15203079	180	140	200	Brand-Formation
15203080	180	165	185	Horngraben-Formation
15203081	195	145	150	Lückengraben-Formation
15203082	165	215	230	Dorfflüe-Formation
15203083	165	215	230	Gummfluh-Mikrofazies
15203084	165	215	230	Pfad-Mikrofazies
15203085	165	215	230	Rindenkorn-Mikrofazies
15203086	165	215	230	Gastlosen-Oolith
15203087	165	215	230	Wandfluh-Mikrofazies
15203088	190	165	135	Mytilus-Schichten
15203089	200	160	110	Col-de-Cordon-Member
15203090	200	160	110	Klus-Konglomerat
15203091	200	160	110	Holzerhorn-Einheit
15203092	190	165	135	Rubli-Member
15203093	190	165	135	Chavanette-Member
15203094	245	175	110	Erpilles-Member
15203095	250	200	75	Wiriehorn-Formation
15203096	215	140	55	St-Triphon-Formation
15203097	215	140	55	Andonces-Member
15203098	215	140	55	Lessus-Member
15203099	215	140	55	Dorchaux-Member
15203100	245	240	105	Mattes-Melange
15203101	195	190	165	Chumi-Formation
15203102	240	140	120	Joux-Verte-Formation
15203103	170	210	155	Bonave-Formation
15203104	165	215	230	Obere Brekzie
15203105	125	175	220	Obere Schiefer (Schistes Ardoisiers)
15203106	185	145	110	Untere Brekzie
15203107	190	165	210	Untere Schiefer
15203108	190	165	210	Untere Kalke
15203109	250	180	90	Trias der Brekzien-Decke
15203110	215	205	140	Gurnigel-Flysch
15203111	205	195	155	Flysch 4 mit siltigen Turbiditen
15203112	205	195	155	Flysch 3b mit bioklastischen Turbiditen
15203113	225	215	180	Flysch 3a mergelig-sandig
15203114	165	185	140	Flysch 2b mit sandigen Turbiditen
15203115	165	185	120	Flysch 2a tonig-sandig
15203116	200	210	140	Hellstätt-Formation
15203117	215	205	140	Schlieren-Flysch
15203118	205	195	155	Schlieren-Sandstein
15203119	225	215	180	Schoni-Sandstein
15203120	225	215	160	Obere Tonsteinschichten
15203121	165	185	140	Guber-Sandstein
15203122	165	185	120	Untere Tonsteinschichten
15203123	200	210	140	Basaler Schlieren-Flysch
15203124	245	240	135	Estavannens-Flysch
15203125	120	170	160	Reidigen-Formation
15203126	215	205	145	Biot-Formation
15203127	175	95	115	Chétillon-Formation
15203128	210	205	155	Rodomonts-Formation
15203129	230	225	120	Mocausa-Nagelfluh
15203130	225	225	100	Tissota-Melange
15203131	225	225	100	Gueyraz-Komplex
15203132	195	195	110	Weissenburg-Flysch
15203133	195	195	110	Manche-Formation
15203134	125	165	130	Fouyet-Formation
15203135	155	195	0	Foraminiferenschichten
15203136	150	210	215	Aptychenkalk
15203137	230	160	155	Radiolarit
15203138	170	115	100	Filamentkalk
15203139	175	155	200	Spatkalk (Tissota-Melange)
15203140	170	175	80	Hundsrügg-Formation
15203141	190	195	115	Perrières-Formation
15203142	200	215	185	Rhenodanubischer Flysch
15203143	210	220	175	Vorarlberg-Flysch
15203144	225	230	145	Fanola-Formation
15203145	215	220	140	Planknerbrücke-Formation
15203146	200	210	150	Planken-Formation
15203147	195	215	145	Reiselsberg-Formation
15203148	195	215	145	Basisserie
15203149	210	220	175	Liechtenstein-Flysch
15203150	225	225	175	Triesen-Formation
15203151	200	215	175	Vaduz-Flysch
15203152	200	225	175	Eichholztobel-Formation
15203153	190	215	175	Schloss-Formation
15203154	200	215	175	Gaschlo-Formation
15203155	200	250	100	Leimern-Kalk
15203156	245	240	135	Pierre-Avoi-Melange
15203157	210	220	140	St-Christophe-Schichten
15203158	185	195	125	Marmontains-Schichten
15203159	165	205	150	Aroley-Schichten
15203160	150	190	135	Peula-Schichten
15203161	80	175	120	Versoyen-Schichten
15203162	235	225	135	Prättigau-Schiefer
15203163	245	225	130	Ruchberg-Formation
15203164	240	215	140	Oberälpli-Formation
15203165	225	230	145	Eggberg-Formation
15203166	215	220	140	Gyrenspitz-Formation
15203167	205	215	140	Fadura-Formation
15203168	195	210	140	Pfävigrat-Formation
15203169	185	205	135	Sassauna-Formation
15203170	185	195	125	Valzeina-Formation
15203171	150	190	135	Klus-Formation
15203172	240	215	140	Tomül-Flysch
15203173	240	215	140	Hauptkonglomerat
15203174	205	215	140	Carnusa-Formation
15203175	205	215	140	Safien-Kalk
15203176	185	205	135	Nolla-Kalk
15203177	185	195	125	Nolla-Ton
15203178	150	190	135	Bärenhorn-Formation
15203179	80	170	120	Grüngesteine (Grava/Tomül)
15203180	245	240	135	Tomül-Mélange
15203181	200	225	250	Série du Tounô
15203182	200	225	250	Barrhorn-Serie
15203183	240	130	70	Bruneggjoch-Formation
15203184	240	166	89	Sous-le-Rocher-Member
15203185	205	140	150	Randa-Augengneis
15203186	205	165	85	Col-de-Chassoure-Formation
15203187	205	165	85	Gouille-Verte-Member
15203188	205	165	85	Matse-Member
15203189	205	165	85	Dent-de-Nendaz-Member
15203190	205	165	85	Goli-d'Aget-Member
15203191	205	165	85	Mondra-Member
15203192	205	165	85	Cleuson-Member
15203193	150	180	100	Métailler-Formation
15203194	220	185	160	Distulberg-Formation
15203195	245	160	175	Thyon-Metagranophyr
15203196	255	75	100	Mont-Rogneux-Metagranit
15203197	210	200	180	Lirec-Formation
15203198	230	210	190	Adlerflüe-Formation
15203199	250	220	220	Ergischhorn-Ensemble
15203200	240	215	140	Gelbhorn-Flysch
15203201	190	200	130	Obrist-Serie
15203202	180	200	220	Vizan-Brekzie
15203203	175	220	230	Tschera-Marmor
15203204	175	220	230	Wissberg-Brekzie
15203205	190	165	135	Nisellas-Serie
15203206	225	150	100	Tumpriv-Serie
15203207	250	200	100	Kalkberg-Serie
15203208	225	175	175	Taspegn-Bavugls-Serie
15203209	225	175	175	Nolla-Kristallin
15203210	240	215	140	Falknis-Flysch
15203211	230	220	145	Globorotalien-Schichten
15203212	240	140	120	Quarzsandstein-Flysch (Gault)
15203213	155	205	165	Tristel-Formation
15203214	170	210	155	Fleckenkalk-Flysch (Neokom)
15203215	165	215	200	Jes-Formation
15203216	145	215	230	Falknis-Brekzie
15203217	135	185	225	Sanalada-Formation
15203218	190	180	140	Panier-Formation
15203219	240	215	140	Sulzfluh-Flysch
15203220	165	215	230	Sulzfluh-Kalk
15203221	250	175	175	Sulzfluh-Granit
15203222	240	215	140	Tasna-Flysch
15203223	190	165	210	Steinsberg-Kalk
15203224	250	175	175	Tasna-Granit
15203225	195	215	130	Série Rousse
15203226	200	210	175	Série Grise
15203227	180	190	175	Garde-de-Bordon-Serie
15203228	145	200	135	Fêta-d'Août-Flysch
15203229	70	150	140	Allalin-Gabbro
15203230	245	240	135	Arosa-Mélange
15203231	220	210	110	Verspala-Formation
15203232	165	200	135	Lavagna-Formation
15203233	130	200	140	Palombini-Formation
15203234	165	215	230	Calpionellenkalk der Arosa-Zone
15203235	225	130	170	Radiolarit der Arosa-Zone
15203236	100	160	120	Ophiolith der Arosa-Zone
15203238	245	240	105	Buufal-Konglomerat
15203239	185	160	150	Langel-Member
15203240	250	185	70	«Obere Rauhwacke»
15203241	250	185	70	Gips der Klippen-Decke
15203242	195	220	90	Couches-Rouges der Brekzien-Decke
15203243	250	185	70	Rauwacke der Brekzien-Decke
15203244	195	195	110	Lamperehubel-Sandstein
15203245	100	160	120	Gets-Ophiolith
15203246	200	215	200	Obere Kalk- und Tonschiefer (Terri)
15203247	215	200	200	Gneisquarzit (Terri)
15203248	180	200	200	Untere Kalk- und Tonschiefer (Terri)
15203249	200	215	230	Aul-Marmor
15203250	215	175	200	Dolomitbrekzie (Terri)
15203251	200	215	175	Lias-Kalk (Grava)
15203252	250	180	90	Nordpenninische Trias
15203253	245	160	175	Zervreila-Granitgneis
15203254	245	160	175	Garenstock-Augengneis
15203255	220	175	150	Glimmerschiefer und Paragneise der Adula-Komplex
15203256	90	175	110	Amphibolit der Adula-Komplex
15203257	250	225	75	Submédiane-Melange
15203258	240	220	140	Truche-Brekzie
15203259	220	215	195	Trom-Brekzie
15203260	180	250	235	Exergillod-Brekzie
15203261	165	215	230	Troublon-Kalk
15203262	140	180	225	Zünegg-Knollenkalk
15203263	160	200	240	Hauta-Crêtaz-Formation
15203264	200	150	100	Pointe-de-l'Au-Brekzie
15203265	175	150	150	Bonaveau-Kalk
15203266	175	160	200	Sex-du-Tronc-Kalk
15203267	175	160	200	Grand-Herba-Kalk
15203268	165	150	200	Oudiou-Formation
15203269	175	225	250	Malm der Klippen-Decke
15203270	165	215	230	Albeuve-Serie
15203271	170	210	200	Kummli-Schichten
15203272	200	150	100	Dogger der Klippen-Decke
15203273	200	160	110	Stockenflue-Kalk
15203274	185	160	150	Mieussy-Member
15203275	200	175	200	Lias der Klippen-Decke
15203276	250	150	50	Trias der Klippen-Decke
15203277	245	175	110	Pralet-Formation
15203278	245	175	110	Balmi-Member
15203279	250	200	75	Bodeflue-Member
15203280	250	200	75	Wildgrimmi-Member
15203281	215	140	55	«Untere Rauhwacke»
15203282	250	225	75	Infrabrèche-Melange
15203283	215	205	140	Wägital-Flysch
15203284	225	200	150	Flysch 5, mit kieseligen Mikrokonglomeraten
15203285	215	205	140	Voirons-Flysch
15203286	215	205	140	Boëge-Mergel
15203287	215	205	140	Vouan-Konglomerat
15203288	215	205	140	Voirons-Sandstein
15203289	195	195	110	Praz-Serie
15203290	195	195	110	Coicon-Serie
15203291	195	220	90	Couches-Rouges der Klippen-Decke, undifferenziert
15203292	195	195	110	Simmen-Flysch, undifferenziert
15203293	215	205	140	Trepsen-Flysch
15203294	250	100	125	Cocco-Gneis
15203295	100	100	100	Verzasca-Gneis
15203296	100	100	100	Vogorno-Gneis
15203297	250	125	100	Ruscada-Gneis
15203298	100	100	100	Mergoscia-Gneis
15203299	250	150	175	Monte-Rosa-Gneis
15203300	235	225	135	«Arblatsch-Flysch»
15203301	245	225	130	Arblatsch-Sandstein
15203302	245	225	130	«Arblatsch-Konglomerat»
15203303	240	215	140	Spegnas-Formation
15203304	225	230	145	Rudnal-Formation
15203305	100	100	100	Savognin-Formation
15203306	240	215	140	Bleis-Pintgas-Formation
15203307	240	215	140	Parnegl-Formation
15203308	240	215	140	Danis-Formation
15203309	240	215	140	Raschil-Formation
15203310	240	130	70	Embd-Member
15203311	205	140	150	Bonigersee-Augengneis
15203312	205	140	150	Törbel-Gneis
15203313	100	100	100	Lodano-Gneis
15203314	100	100	100	Vergeletto-Gneis
15203315	100	100	100	Cortascia-Gneis
15203316	100	100	100	Forcoletta-Gneis
15203317	240	140	140	Matorello-Gneis
15203318	220	175	150	Lebendun-Gneiskomplex
15203319	190	165	135	Sabbione-Sandstein
15203320	250	210	210	Kristallin der Monte-Leone-Decke
15203321	225	150	125	Ganter-Gneis
15203322	225	175	125	Ritter-Gneis
15203323	175	185	110	Geisspfad-Serpentinit
15203324	200	225	250	Holzerspitz-Gruppe
15203325	220	220	180	Holzerspitz-Kalkschiefer
15203326	200	225	250	Fäldbach-Gruppe
15203327	240	215	140	Rinderbach-Formation
15203328	175	200	125	Langenegg-Formation
15203329	200	210	150	Rombach-Formation
15203330	220	90	120	Roffna-Gneis
15203331	220	90	120	«Roffna-Porphyr»
15203332	225	175	175	Burgruinen-Gneis
15203333	225	175	175	Taspegn-Gneis
15203334	235	220	110	Aigremont-Brekzie
15203335	150	200	175	Sulzgrabe-Formation
15203336	195	145	150	Rhät der Brekzien-Decke
15203337	225	150	125	Siderolithisches Dogger der Klippen-Decke
15203338	215	140	55	«Silex-Niveau» (St-Triphon-Fm.)
15203339	215	140	55	«Mittlere Rauwacke» (St-Triphon-Fm.)
15203340	250	210	210	Timun-Komplex
15203341	175	185	110	Malenco-Serpentinit
15203342	90	175	110	Forno-Amphibolit
15203343	210	190	150	Muretto-Quarzit
15203344	215	205	145	Colerin-Konglomerat
15203345	250	225	75	Pierre-Avoi-Brekzie
15203346	225	150	125	Dréveneuse-Bauxit
15203347	225	150	125	Bruneggjoch-Metabauxit
15203348	175	175	150	Karbon der Zone-Houillère
15203349	200	215	215	Terri-Schiefer
15203350	245	240	135	Robiei-Wildflysch
15203351	245	240	135	Pizzo-Castello-Wildflysch
15203352	245	240	135	Tamier-Zött-Wildflysch
15203353	245	240	135	Alpe-Tamia-Campo-Wildflysch
15203354	220	220	180	Teggiolo-Kalkschiefer
15203355	220	220	180	Medola-Quarzit
15203356	220	220	180	Pianasciom-Kalkschiefer
15203357	220	220	180	Piano-delle-Creste-Sandstein
15203358	175	200	225	Antabia-Gruppe
15203359	65	150	140	Vanis-Formation
15203360	165	215	230	Sevinera-Marmor
15203361	190	165	135	Sevinera-Sandstein
15203362	175	125	125	Ri-d'Antabia-Konglomerat
15203363	200	175	125	Scisti bruni (Lebendun)
15203364	220	175	150	Gneiss basale (Lebendun)
15203365	205	140	150	Antigorio-Orthogneis
15203366	195	220	90	Couches-Rouges (Falknis, Sulzfluh, Tasna)
15203367	215	200	175	Lagensandkalk
15203368	250	225	75	Série schisto-quartzitique (Pierre Avoi)
15203369	250	225	75	Série conglomératique (Pierre Avoi)
15203370	125	175	125	Südegg-Komplex
15203371	250	210	210	Punta-Rossa-Komplex
15203372	200	215	185	Ferret-Schiefer
15203373	200	200	215	Terri-Schiefer_Basale
15203374	200	215	185	Lugnez-Schiefer
15203375	200	215	185	Sosto-Schiefer
15203376	175	100	75	Konglomeratgneis (Terri)
15203377	215	175	200	Garzott-Brekzie
15203378	245	240	135	Areua-Bruschghorn-Melange
15203379	215	200	200	Albitquarzit (Grava)
15203380	200	200	215	Basale Tonschiefer (Grava)
15203381	175	100	75	Phengitgneis (Grava)
15203382	220	200	160	Haute-Pointe-Formation
15203383	200	150	150	Brasses-Formation
15203385	250	150	175	Macugnaga-Augengneis
15203386	175	125	50	Perm der Zone-Houillère
15203387	175	125	50	Perm der Zone-Houillère, quarzschiefrig
15203388	200	100	75	Ricard-Rhyolit
15203389	175	125	50	Perm der Zone-Houillère, konglomeratisch
15203390	175	175	150	Série schisto-gréseuse supérieure
15203391	175	175	150	Série schisteuse moyenne
15203392	175	175	150	Chandoline-Sandstein
15203393	180	160	140	Gälmji-Gneiss
15203394	70	150	140	Scherbadung-Gabbro
15203395	250	175	175	Lacerandes-Augengneis
15203396	220	175	150	Mont-Mort-Metapelit
15203397	250	225	75	Schistes noirs (Pierre Avoi)
15203398	200	215	185	La-Dotse-Albitkalk
15203399	245	160	175	Ginals-Gneis
15203400	250	200	175	Kristallin der Berisal-Decke
15203401	250	175	175	Augengneis der Berisal-Decke
15203402	250	200	175	Kristallin der Ruitor-Decke
15203403	150	125	100	Corno-Gneis
15203404	240	130	70	Quarzit der Nordpenninische Trias
15203405	225	175	175	Kristallin des Briançonnais
15203406	175	125	50	Permo-Karbon der Ruitor-Decke
15203407	175	125	50	Permo-Karbon der Ruitor-Decke, konglomeratisch
15203408	180	190	190	Piémont-Glanzschiefer
15203409	180	190	190	Metasedimente der Tsaté-Decke
15203410	165	215	230	Marmor der Tsaté-Decke
15203411	225	130	170	Metaradiolarit der Tsaté-Decke
15203412	180	190	190	Metasedimente der Zermatt-Saas-Decke
15203413	100	160	120	Piémont-Ophiolith
15203414	100	160	120	Ophiolith der Tsaté-Decke
15203415	90	175	110	Mont-des-Ritzes-Metabasalt
15203416	70	150	140	Aiguilles-Rouges-d'Arolla-Metagabbro
15203417	250	180	90	Torrembey-Brekzie
15203418	165	215	230	Marmor der Zermatt-Saas-Decke
15203419	225	130	170	Quarzit der Zermatt-Saas-Decke
15203420	180	190	190	Riffelberg-Melange
15203421	180	190	190	Glanzschiefer der Zermatt-Saas-Decke
15203422	100	160	120	Ophiolith der Zermatt-Saas-Decke
15203423	90	175	110	Pfulwe-Metabasalt
15203424	70	150	140	Ophiolith der Antrona-Decke
15203425	245	160	175	Böshorn-Gneis
15203426	250	150	175	Orthogneis der Monte-Leone-Decke
15203427	250	150	150	Leukogneis der Monte-Leone-Decke
15203428	225	150	175	Hyperaugengneis der Monte-Leone-Decke
15203429	220	175	150	Paragneis der Monte-Leone-Decke
15203430	220	175	150	Lebendun-Gneis, arkosisch
15203431	220	175	150	Lebendun-Gneis, konglomeratisch
15203432	200	225	250	Salarioli-Serie
15203433	250	210	210	Kristallin der Ruginenta-Decke
15203434	200	175	125	Schiefer der Ruginenta-Decke
15203435	220	175	150	Paragneis der Ruginenta-Decke
15203436	200	225	250	Preja-Formation
15203437	225	225	200	Cavalli-Formation
15203438	200	210	220	Furgg-Serie
15203439	250	150	150	Mezzalama-Granit
15203440	250	150	175	Monte-Rosa-Orthogneis, grobkörnig
15203441	250	190	160	Rottal-Migmatit
15203442	250	150	175	Monte-Rosa-Orthogneis, mylonitisch
15203443	240	210	190	Paragneis der Monte-Rosa-Decke
15203444	240	210	190	Biotitgneis der Monte-Rosa-Decke
15203445	240	210	190	Bändergneis der Monte-Rosa-Decke
15203446	240	210	190	Glimmerschiefer der Monte-Rosa-Decke
15203447	200	225	250	Grundberg-Serie
15203448	250	210	210	Kristallin der Portjengrat-Decke
15203449	250	150	175	Orthogneis der Portjengrat-Decke
15203450	250	150	175	Saas-Fee-Augengneis
15203451	250	190	160	Almagelhorn-Migmatit
15203452	240	210	190	Weissmies-Paragneis
15203453	250	150	175	Monte-Rosa-Orthogneis, mittelkörnig
15203454	250	210	210	Stellihorn-Mylonit
15203455	220	220	180	Kalkschiefer der Fäldbach-Serie
15203456	200	150	100	Nordpenninischer Dogger
15203457	200	175	200	Nordpenninischer Lias
15203458	250	175	50	Dolomit der Nordpenninische Trias
15203459	220	175	150	Valgrande-Paragneis
15203460	250	150	175	Variszische Intrusiva des Briançonnais
15203461	250	210	210	Prävariszisches Grundgebirge des Briançonnais
15203462	175	185	110	Moncucco-Peridotit
15203463	230	210	190	Albitaugenschiefer (SOPA) der Adlerflüe-Formation
15203464	90	175	110	Bänderamphibolit der Adlerflüe-Formation
15203465	90	175	110	Minugrat-Eklogit
15203466	90	175	110	Amphibolit des Ergischhorn-Ensembles
15203467	90	175	110	Grüngesteine der Distulberg-Formation
15203468	90	175	110	Prasinit der Métailler-Formation
15203469	150	180	100	Ultramafit der Métailler-Formation
15203470	200	100	75	Oberems-Albitgneis
15203471	175	150	100	Permo-Karbon der Maggia-Decke
15203472	175	125	50	Perm der Maggia-Decke
15203473	175	175	150	Karbon der Maggia-Decke
15203474	250	125	125	Variszische Intrusiva der Maggia-Decke
15203475	250	210	190	Prävariszisches Grundgebirge der Maggia-Decke
15203476	220	175	150	Paragneis der Maggia-Decke
15203477	225	150	150	Bändergneis der Maggia-Decke
15203478	250	175	175	Augengneis der Maggia-Decke
15203479	200	100	150	Alpigia-Gneis
15203480	200	225	250	Gresso-Someo-Zone
15203481	200	225	250	Pertusio-Zone
15203482	200	225	250	Passo-di-Cristallina-Zone
15203483	175	200	200	Lago-Scuro-Formation
15203484	190	155	200	Val-Sabbia-Formation
15203485	170	120	180	Massari-Formation
15203486	150	120	180	Naret-Formation
15203487	175	185	110	Breithorn-Serpentinit
15203488	90	175	110	Loranco-Amphibolit
15203489	90	175	110	Andolla-Eklogit
15203490	100	100	100	Roz-Schiefer
15203491	100	160	120	Ophiolith der Ramosch-Zone
15203492	180	190	190	Metasedimente der Arosa-Decke
15203493	175	185	110	Totalp-Serpentinit
15203494	225	130	170	Maran-Brekzie
15203495	190	165	210	Solis-Kalk
15203496	180	190	190	Metasedimente der Platta-Decke
15203497	180	190	190	Flix-Schichten
15203498	165	215	230	Calpionellenkalk der Platta-Decke
15203499	225	130	170	Radiolarit der Platta-Decke
15203500	70	150	140	Ophiolith der Platta-Decke
15203501	225	175	175	Vignun-Gneis
15203502	180	190	190	Metasedimente der Avers-Decke
15203503	70	150	140	Ophiolith der Avers-Decke
15203504	195	220	90	Brekzie-Formation
15203505	155	205	165	Minschun-Brekzie
15203506	250	210	210	Tasna-Altkristallin
15203507	245	160	175	Piz-del-Palo-Gneis
15203508	220	90	120	Truzzo-Granit
15203509	100	100	100	Rebi-Gneis
15203510	70	150	140	Brione-Gabbro
15203511	250	190	175	Gruf-Migmatit
15203512	250	210	210	Basaler Gneis der Adula-Decke
15203513	250	210	210	Val-Chironico-Gneis
15203514	250	210	210	Ganna-Gneis
15203515	220	175	150	Albit-Oligoklasgneise der Adula-Decke
15203516	250	190	175	Sivigia-Gneis
15203517	220	175	150	Aula-Spruga-Gneiskomplex
15203518	100	160	120	Lizun-Grünschiefer
15203519	175	175	150	Rossi-Formation
15203520	250	175	175	Bosco-Gneis
15203521	250	175	175	Batnall-Gneis
15203522	235	220	110	Seron-Formation, Calcschistes zoogènes
15203523	235	220	110	Seron-Formation, Conglomérat moyen
15203524	235	220	110	Frutigen-Formation, Conglomérat intermédiaire
15203525	235	220	110	Frutigen-Formation, Schistes inférieurs
15203526	250	185	70	Gips der Zone Submédiane
15203527	255	215	155	Karpatischer Keuper
15203528	255	215	155	Zwischenmythen-Mergel
15203529	245	240	135	Cenomanbrekzien-Serie
15203530	245	240	135	Bettlerjoch-Brekzie
15203531	240	240	135	Bargella-Brekzie
15203532	220	225	250	Adula-D.: Kalkschiefer und Marmor
15203533	250	200	175	Salahorn-Fm.: Metaplutonit
15203534	220	180	160	Salahorn-Fm.: Paragneis
15203535	175	185	110	Adula-D.: Ultramafitit
15203536	200	225	250	Cima-Lunga-D.: Kalkschiefer und Marmor
15203537	225	175	110	Cima-Lunga-D.: Dolomitmarmor
15203538	220	180	160	Cima-Lunga-D.: Paragneis
15203539	225	150	150	Vacarisc-Gneis
15203540	200	150	150	Rognoi-Gneis
15203541	125	0	125	Cima-Lunga-D.: Granatit
15203542	90	175	110	Cima-Lunga-D.: Amphibolit
15203543	120	175	110	Cima-Lunga-D.: Eklogit
15203544	175	185	110	Cima-Lunga-D.: Ultramafitit
15203545	250	150	150	Personico-Gneis
15203546	225	150	150	Leventina-Gneis: oberer Teil
15203547	200	15	150	Leventina-Gneis: unterer Teil
15203548	150	150	200	Leventina-D.: Kalksilikatfels
15203549	250	210	210	Leventina-D.: Leukogneis
15203550	220	180	160	Leventina-D.: Paragneis
15203551	90	175	110	Leventina-D.: Amphibolit
15203552	90	175	110	Maggia-D.: Amphibolit
15203553	200	225	250	Simano-D.: Kalkmarmor
15203554	250	175	100	Simano-D.: Dolomitmarmor
15203555	220	180	160	Simano-D.: Paragneis
15203556	225	150	150	Renten-Gneis
15203557	200	150	150	Legiuna-Gneis
15203558	90	175	110	Simano-D.: Amphibolit
15203559	175	185	110	Simano-D.: Ultramafitit
15203560	130	200	140	Alpbach-Schiefer
15203561	70	150	140	Arosa-D.: Gabbro
15203562	230	225	0	Klippen-Flysch
15203563	195	220	90	Couches-Rouges der ZSK
15203564	220	220	175	Wägital-Flysch: oberer Teil (Paläogen)
15203565	200	210	140	Wägital-Flysch: untererer Teil (Kreide)
15203566	175	200	150	Wägital-Flysch: basaler, tektonisierter Teil
15203567	200	180	150	Gibel- und Griggeli-Formation
15203568	250	180	90	Dolomit der Klippen-Decke
15203569	250	180	90	Dolomit und Kalk der Klippen-Decke
15203570	240	200	90	Bunter schiefriger Dolomit und Rauwacke der Klippen-Decke
15203571	240	200	90	Rauwacke der Klippen-Decke
15203572	250	210	90	Gipsmergel und Sandstein der Klippen-Decke
15203573	205	195	155	Schlieren-Sandstein, im Paläogen tektonisch überprägt
15203574	200	250	100	Leimern-Schichten
15203575	240	160	90	Rauwacke und Quarzsandstein der Klippen-Decke (basale Trias)
15203576	220	220	175	Schlieren-Flysch: Hauptmasse (Paläogen)
15203577	180	140	200	Mittellias der Klippen-Decke
15203578	185	160	150	Langel-Member der Zentralschweizer Klippen
15203581	200	215	185	Kalkiger Tonschiefer der Grava-Decke
15203582	200	215	185	Toniger Kalkschiefer der Grava-Decke
15203583	250	150	50	Trias der Grava-Decke, undifferenziert
15204001	205	200	115	God-Drosa-Flysch
15204002	215	210	0	Chanèls-Formation
15204003	215	210	0	Lech-Formation
15204004	185	210	110	Emmat-Formation
15204005	155	205	145	Russenna-Formation
15204006	155	205	145	Ammergau-Formation
15204007	175	220	230	Blais-Radiolarit
15204008	175	220	230	Plattas-Member
15204009	175	220	230	Ruhpolding-Formation
15204010	220	175	100	Saluver-Gruppe
15204011	220	175	100	Saluver-Formation
15204012	220	175	100	Bardella-Formation
15204013	220	175	100	Salteras-Formation
15204014	220	175	100	Salamun-Brekzie
15204015	220	175	100	Err-Brekzie
15204016	190	140	130	Allgäu-Formation
15204017	190	140	130	Mezzaun-Member
15204018	190	140	130	Blaisun-Member
15204019	190	140	130	Trupchun-Member
15204020	205	150	180	Agnelli-Formation
15204021	205	150	180	Adnet-Formation
15204022	205	150	180	Hierlatz-Kalk
15204023	205	150	180	Alv-Brekzie
15204024	205	125	120	Kössen-Formation
15204025	205	125	120	Zirmenkopf-Kalk
15204026	205	125	120	Mitgel-Member
15204027	205	125	120	Ramoz-Member
15204028	205	125	120	Schesaplana-Member
15204029	205	125	120	Alplihorn-Member
15204030	250	175	35	Hauptdolomit-Gruppe
15204031	255	205	70	Murtèr-Plattenkalk
15204032	250	200	50	Murteret-Dolomit
15204033	250	175	35	Diavel-Formation
15204034	245	160	15	Quattervals-Formation
15204035	245	160	15	Crappa-Mala-Mergel
15204036	245	160	15	Pra-Grata-Member
15204037	245	145	0	Müschauns-Dolomit
15204038	250	220	85	Raibl-Gruppe
15204039	250	220	115	Fanez-Formation
15204040	250	220	115	Valbella-Member
15204041	250	220	115	Fanez-Dolomit
15204042	250	220	115	Mezdi-Member
15204043	250	220	115	Cluozza-Member
15204044	250	220	115	Stugl-Member
15204045	250	220	50	Mingèr-Formation
15204046	250	220	50	Mingèr-Dolomit
15204047	250	220	50	Mora-Member
15204048	90	170	190	Garone-Formation
15204049	90	170	190	Arlberg-Formation
15204050	90	170	190	Partnach-Formation
15204051	140	185	190	Altein-Formation
15204052	140	185	190	Parai-Alba-Member
15204053	85	160	175	Prosanto-Formation
15204054	75	150	160	Vallatscha-Formation
15204055	75	150	160	Tiaun-Brekzie
15204056	75	150	160	Vallatscha-Member
15204057	75	150	160	Turettas-Member
15204058	75	150	160	Landwasser-Member
15204059	70	135	150	S-charl-Formation
15204060	70	135	150	Sertig-Member
15204061	70	135	150	Ravais-ch-Member
15204062	105	180	165	Reifling-Formation
15204063	95	170	155	Ducan-Formation
15204064	95	170	155	Trochitendolomit-Member
15204065	95	170	155	Brachiopodenkalk-Member
15204066	95	170	155	Eisendolomit-Member
15204067	95	170	155	Gracilis-Member
15204068	95	170	155	Gutenstein-Formation
15204069	85	160	145	Reichenhall-Formation
15204070	240	115	0	Fuorn-Formation
15204071	240	115	0	Punt-la-Drossa-Member
15204072	240	115	0	XXX
15204073	240	115	0	XXXX
15204074	185	110	35	Val-Müstair-Gruppe
15204075	180	140	30	Chazforà-Formation
15204076	180	140	30	Tuors-Member
15204077	180	140	30	Val-Püra-Member
15204078	180	140	30	Präbichl-Formation
15204079	190	55	40	Ruina-Formation
15204080	190	55	40	Sandhubel-Member
15204081	190	55	40	Bellaluna-Member
15204082	225	165	185	Mönchalp-Augengneis
15204083	240	155	170	Tschuggen-Augengneis
15204084	240	155	170	Güstizia-Gneis
15204085	240	155	170	Plasseggen-Augengneis
15204086	250	180	90	Trias des Ostalpins
15204087	200	150	100	Dogger des Ostalpins
15204088	175	225	250	Malm des Ostalpins
15204089	150	200	150	Kreide des Ostalpins
15204090	200	175	200	Lias des Ostalpins
15204091	225	175	175	Kristallin des Ostalpins
15204092	200	100	75	Nair-Porphyroid
15204093	200	100	75	Lavatèra-Brekzie
15204094	200	100	75	Varaina-Schiefer
15204095	200	100	75	Sprenkel-Schiefer
15204096	220	175	150	Fedoz-Gneiskomplex
15204097	70	150	140	Fedoz-Metagabbro
15204098	225	130	110	Maloja-Orthogneis
15204099	220	175	150	Maloja-Gneiskomplex
15204100	100	100	100	Ur-Brekzie
15204101	200	100	75	Tschima-da-Flix-Granit
15204102	220	90	120	Err-Granodiorit
15204103	125	125	50	Postvariszische Diabasgänge
15204104	250	175	180	Flüela-Augnengneis
15204105	225	175	175	Dorfberg-Gneis
15204106	190	140	130	Chaschauna-Brekzie
15204107	240	155	170	Sesvenna-Augengneis
15204108	225	115	115	Vaüglia-Granodiorit
15204109	70	175	130	Döss-Radond-Vulkanite
15204110	200	210	60	Augsten-Brekzie
15204111	200	100	75	Piz-Trovat-Metarhyolit
15204112	200	100	75	Sass-Queder-Metarhyolith
15204113	245	160	175	La-Rösa-Orthogneis
15204114	225	200	150	Carale-Paraschiefer
15204115	225	225	125	Gosau-Gruppe
15204116	175	185	110	Morteratsch-Serpentinit
15204117	250	175	180	Forun-Augengneis
15204118	250	175	180	Kesch-Augengneis
15204119	250	210	210	prävariszisches polyzyklisches Grundgebirge des Ostalpins
15204120	250	175	180	«Jüngere Orthogneise»
15204121	225	165	185	«Ältere Orthogneise»
15204122	240	155	170	Val-Rude-Orthogneis
15204123	220	90	120	Corvatsch-Granodiorit
15204124	220	90	120	Julier-Granodiorit
15204125	220	90	120	Sasso-Rosso-Granodiorit
15204126	75	150	160	Lavinèr-Brekzie
15204127	205	150	180	Haupter-Brekzie
15204128	175	150	100	Permo-Karbon des Ostalpins
15204130	90	170	190	Buffalora-Gruppe
15204132	225	115	115	Variszische Intrusiva des Ostalpins
15204133	225	130	110	alkalinische Intrusiva des Ostalpins
15204134	220	90	120	kalkalkalische Intrusiva des Ostalpins
15204135	240	155	170	prävariszische Orthogneise des Ostalpins
15204136	220	175	150	prävariszische Paragneise des Ostalpins
15204137	90	175	110	prävariszische Grüngesteine des Ostalpins
15204138	255	205	70	Uglix-Plattenkalk
15204139	225	130	110	Parait-Chavagl-Granit
15204140	205	200	115	Clavadatsch-Brekzie
15204141	220	90	120	Corno-di-Campo-Granodiorit
15204142	70	150	140	Campocologno-Gabbro
15204143	245	160	175	Celerina-Orthogneis
15204144	220	165	150	Tonale-Schiefer
15204145	250	220	85	Gips der Raibl-Gruppe
15204146	250	220	85	Rauwacke der Raibl-Gruppe
15204147	90	170	190	Rifffazies der Arlberg-Formation
15204148	75	150	160	Alpiner Muschelkalk
15204149	250	220	85	Raibl-Gr.: Dolomit
15204150	250	175	35	Hauptdolomit-Gr.: bituminöse Dolomitbrekzie
15204151	250	220	85	Raibl-Gruppe der Zentralschweizer Klippen
15205001	200	225	250	Dolin-Gruppe
15205002	205	150	180	Dolin-Kalkbrekzie
15205003	200	225	250	Roisan-Zone
15205004	240	175	155	Arolla-Serie
15205005	70	150	140	Mont-Collon-Komplex
15205006	225	130	110	Orthogneis der Arolla-Gruppe
15205007	180	150	90	Valpelline-Serie
15205008	255	250	165	Castel-di-Sotto-Ton
15205009	255	245	80	Pontegana-Konglomerat
15205010	255	230	45	Gruppe des Lombardischen Gompholit
15205011	250	200	125	Lucino-Konglomerat
15205012	250	200	125	Cagno-Sandstein
15205013	195	195	145	Val-Grande-Sandstein
15205014	250	190	160	Prestino-Pelite
15205015	215	180	150	Como-Konglomerat
15205016	195	195	145	Malnate-Sandstein
15205017	250	190	160	Rio-dei-Gioghi-Pelite
15205018	185	150	115	Chiasso-Formation
15205019	185	150	115	Villa-Olmo-Konglomerat
15205020	240	190	25	Ternate-Formation
15205021	235	235	100	Brenno-Formation
15205022	225	230	115	Prella-Konglomerat
15205023	210	205	110	Gruppe des Lombardischen Flysch
15205024	205	180	105	Bergamo-Flysch
15205025	215	215	105	Coldrerio-Flysch
15205026	205	200	105	Torre-Konglomerat
15205027	200	200	125	Varesotto-Flysch
15205028	140	200	100	Gruppe der Scaglia Lombarda
15205029	160	210	140	Scaglia Rossa Lombarda
15205030	245	135	130	Scaglia Bianca Lombarda
15205031	225	145	135	Scaglia Variegata Lombarda
15205032	120	205	200	Maiolica Lombarda
15205033	65	185	220	Lombardische Radiolarit-Gruppe
15205034	115	175	215	Rosso ad Aptici
15205035	215	170	110	Calcari a bivalvi planctonici
15205036	175	120	130	Rosso Ammonitico Lombardo
15205037	175	120	130	Grenzposidonienschichten
15205038	210	190	220	Morbio-Formation
15205039	250	230	240	Besazio-Kalk
15205040	165	150	200	Moltrasio-Formation
15205041	165	150	200	Molino-Member
15205042	130	115	170	Saltrio-Formation
15205043	235	135	70	Macchia Vecchia
15205044	140	145	165	Broccatello d'Arzo
15205045	190	180	200	Albenza-Formation
15205046	195	130	125	Zu-Kalk
15205047	175	125	135	Tremona-Formation
15205048	150	115	125	Brecce Retiche
15205049	165	120	115	Riva-di-Solto-Tonstein
15205050	250	175	50	Hauptdolomit
15205051	245	220	95	Pizzella-Mergel
15205052	220	180	100	Cunardo-Formation
15205053	85	170	185	Meride-Formation
15205054	170	190	185	Kalkschieferzone
15205055	170	190	185	Cassina-Bank
15205056	170	190	185	Cava Superiore
15205057	170	190	185	Cava Inferiore
15205058	120	130	165	San-Giorgio-Dolomit
15205059	240	65	50	Val-Serrata-Tuffite
15205060	60	195	205	Besano-Formation
15205061	85	170	185	San-Salvatore-Dolomit
15205062	230	160	45	Bellano-Formation
15205063	200	155	70	Servino
15205064	180	140	55	Verrucano Lombardo
15205065	195	55	40	Permische Vulkanite
15205066	195	55	40	Granophyr
15205067	195	55	40	Andesit und Dazit
15205068	70	175	130	Basalt
15205069	195	55	40	Basaler Tuf
15205070	105	115	85	Manno-Formation
15205071	250	225	100	Tertiär des Südalpins
15205072	150	200	150	Kreide des Südalpins
15205073	175	225	250	Malm des Südalpins
15205074	200	150	100	Dogger des Südalpins
15205075	200	175	200	Lias des Südalpins
15205076	250	180	90	Trias des Südalpins
15205077	175	150	125	Permo-Karbon des Südalpins
15205078	225	175	175	Kristallin des Südalpins
15205079	225	115	115	Variszische Intrusiva des Südalpins
15205080	245	180	190	San-Bernardo-Gneis
15205081	220	175	150	Prävariszische Metasedimente des Südalpins
15205082	209	158	140	Stabbiello-Gneis
15205083	220	175	150	Giumello-Gneis
15205084	220	175	150	Ceneri-Gneis
15205085	80	175	120	Proterozoische und paläozoische Mafite und Ultramafite des Südalpins
15205086	250	125	100	Mont-Morion-Granit
15205087	225	125	125	Pointe-d'Otemma-Granodiorit
15205088	200	125	125	Bouquetins-Quarzdiorit
15205089	200	175	125	Tête-de-Valpelline-Phyllit
15205090	250	175	175	«Série Rubanée»
15205091	70	150	140	Sassa-Metagabbro
15205092	70	150	140	Maia-Metagabbro
15205093	225	200	150	Losone-Schiefer
15205094	250	210	210	Pizzo-Leone-Gneis
15205095	70	150	140	Fornale-Gabbro
15205096	70	150	140	Matterhorn-Gabbro
15205097	70	150	140	Berrio-Gabbro
15205098	215	170	95	Grand-Dolin-Brekzie
15205099	85	170	185	Oberer Meride-Kalk
15205100	85	170	185	Unterer Meride-Kalk
15205101	85	170	185	Dolomit-Band (Meride)
15205102	200	175	200	Kalk der Dolin-Gruppe
15205103	250	175	50	Dolomit der Dolin-Gruppe
15205104	245	220	95	Rauwacke der Dolin-Gruppe
15205105	230	160	45	Quarzit der Dolin-Gruppe
15205106	225	150	100	Orthogneis der Arolla-Gruppe, leukokrat
15205107	225	130	110	Orthogneis der Arolla-Gruppe, augig
15205108	225	130	110	Orthogneis der Arolla-Gruppe, mylonitisch
15205109	220	180	160	Gneis der Arolla-Gruppe, mylonitisch
15205110	240	175	155	Gneis der Arolla-Gruppe, mikroaugig
15205111	225	130	110	Metagranitoide der Arolla-Gruppe
15205112	80	160	160	Metabasit der Arolla-Gruppe
15205113	80	160	160	Metabasit der Arolla-Gruppe, mylonitisch
15205114	90	175	110	Prasinit der Arolla-Gruppe
15205115	90	175	175	Hornblendegabbro der Arolla-Decke
15205116	175	185	110	Ultramafitit der Arolla-Gruppe
15205117	220	175	150	Paragneiss der Arolla-Gruppe
15205118	225	200	150	Glimmerschiefer der Arolla-Gruppe
15205119	190	160	120	Mylonit der Valpelline-Gruppe
15205120	90	175	110	Amphibolit der Valpelline-Gruppe
15205121	50	150	200	Marmor der Valpelline-Gruppe
15205122	250	190	175	Migmatit der Valpelline-Gruppe
15205123	240	170	100	Roisan-Marmor
15205124	250	125	100	Musella-Granit
15205125	225	125	125	Sella-Granodiorit
15205126	220	175	150	Marinelli-Formation
15205127	225	175	175	Kristallin der Margna-Sella
15205128	225	115	115	Variszische Intrusiva der Margna-Sella
15205129	250	210	210	Prävariszisches Grundgebirge der Margna-Sella
15205130	240	155	170	Prävariszische Metaarkose, Orthogneise
15205131	225	125	125	Orthogneis der Sesia-Decke
15205132	220	175	150	Glimmerschiefer der Sesia-Decke
15205133	125	160	100	Finero-Peridotit
15205134	80	175	120	Ivrea Mafischer Komplex
15205135	250	210	210	Zona Dioritico-Kinzigitica
15205136	245	180	190	Prävariszische Orthogneise des Südalpins
15205137	200	200	125	Pontida-Formation
15206001	180	200	120	Periadriatische Vulkanite
15206002	250	50	25	Novate-Intrusiva
15206003	212	5	43	Bergell-Intrusiva
15206004	200	25	75	Adamello-Intrusiva
15206005	230	5	45	Melirolo-Augengneis
15206006	230	5	45	Bergell-Granodiorit
15206007	230	5	45	Bergell-Tonalit
15206008	230	5	45	Monte-Bassetta-Quarzdiorit
15206009	230	5	45	Sorico-Tonalit
15206010	230	5	45	Jorio-Tonalit
15206011	230	5	45	Val-Masino-Granodiorit
15206012	230	5	45	Alpe-Cameraccio-Granodiorit
15206013	230	5	45	Monte-Rosso-Mikrogranit
15206014	230	5	45	Zocca-Aplit
15206015	250	50	25	San-Fedelino-Granit
15206016	200	200	200	Informelle Zuordnung
15206017	225	200	200	Tektonische Brekzie, undifferenziert
15206018	150	200	200	Lochsiten-Kalk
15206019	150	200	200	Salleren-Brekzie
15206020	200	200	200	Lithologische Einheit, undifferenziert
15206021	250	180	90	Gips, undifferenziert
15206022	250	180	90	Rauwacke, undifferenziert
15206023	250	180	90	Dolomit, undifferenziert
15206024	200	200	200	Ganggesteine, undifferenziert
15206025	200	175	200	Lias, undifferenziert
15206026	200	150	100	Dogger, undifferenziert
15206027	175	225	250	Malm, undifferenziert
15206028	150	200	150	Kreide, undifferenziert
15206029	250	180	90	Trias, undifferenziert
15206030	200	200	200	Sedimentgestein, undifferenziert
15206031	250	175	200	Kristallingestein, undifferenziert
15206032	250	100	100	Granit, undifferenziert
15206033	200	200	200	Stratigraphische Einheit, undifferenziert
15206034	200	225	250	Mesozoikum, undifferenziert
15206035	200	100	75	Rhyolit, undifferenziert
15206036	90	175	110	Grüngestein, undifferenziert
15206037	90	175	110	Amphibolit, undifferenziert
15206038	250	250	75	Quarzgang
15206039	250	100	100	Aplit
15206040	250	100	100	Pegmatit
15206041	90	175	110	Prasinit, undifferenziert
15206042	175	185	110	Serpentinit, undifferenziert
15206043	250	250	75	Mineralisierter Gang
15206044	250	100	100	Mikrogranit
15206045	195	145	150	Rhétien, undifferenziert
15206046	250	225	100	Biogener Kalk (Eozän)
15206047	70	150	140	Rodingit
15206048	250	100	100	Saurer Gang
15206049	90	175	110	Basischer Gang
15206050	90	175	110	Eklogit, undifferenziert
15206051	200	200	200	Mylonit, undifferenziert
15206052	250	175	200	Kalksilikatfels
15206053	125	175	250	Mamor, undifferenziert
15206054	200	200	200	Sedimentäre Brekzie, undifferenziert
15206055	250	175	200	Paläozoikum, undifferenziert
15206056	250	225	100	Känozoikum, undifferenziert
15206057	175	185	110	Ultramafische Gesteine
15206058	200	200	200	Verwitterter Fels, undifferenziert
15206059	70	150	140	Ophikalzit, undifferenziert
15206060	175	185	110	Talkschiefer, undifferenziert
15206061	225	75	125	Mikrodiorit, undifferenziert
15206062	250	250	75	Quarzit, undifferenziert
15206063	175	185	110	Fuchsit-Zoisitschiefer, undifferenziert
15206064	200	200	200	Konglomerat, undifferenziert
15206065	160	180	160	Glaukophanschiefer, undifferenziert
15206066	200	200	175	Bündnerschiefer, undifferenziert
15206067	250	175	175	Augengneis, undifferenziert
15206068	210	200	200	Granatglimmerschiefer, undifferenziert
15206069	210	210	210	Albit-Muskowitschiefer, undifferenziert
15206070	250	175	175	Gneis, undifferenziert
15206071	180	160	160	Graphitschiefer, undifferenziert
15206072	200	200	200	Glimmerschiefer, undifferenziert
15206073	200	210	200	Garbenschiefer, undifferenziert
15206074	225	100	125	Diorit, undifferenziert
15206075	70	150	140	Gabbro, undifferenziert
15206076	225	130	110	Orthogneis, undifferenziert
15206077	220	175	150	Paragneis, undifferenziert
15206078	200	100	75	Vulkanische Gesteine, undifferenziert
15206079	70	175	130	Basalt, undifferenziert
15206080	175	175	150	Karbon, undifferenziert
15206081	90	175	110	Chloritschiefer, undifferenziert
15206082	200	200	200	Phyllit, undifferenziert
15206083	200	200	200	Quarzphyllit, undifferenziert
15206084	200	200	175	Bündnerschiefer, kalkig
15206085	200	200	175	Bündnerschiefer, tonig
15206086	250	190	160	Migmatit, undifferenziert
15206087	200	100	125	Tonalit, undifferenziert
15206088	200	100	150	Syenit, undifferenziert
15206089	200	200	200	Tektonit, undifferenziert
15206090	200	200	200	Hornfels, undifferenziert
15206091	220	175	150	Hornblendegneis, undifferenziert
15206092	250	175	175	Biotit-Plagioklasgneis, undifferenziert
15206093	220	175	150	Bändergneis, undifferenziert
15206094	250	175	175	Zweiglimmergneis, undifferenziert
15206095	250	175	175	Phyllitgneis, undifferenziert
15206096	175	185	110	Peridotit, undifferenziert
15206097	90	175	110	Bänder- und Schollenamphibolit, undifferenziert
15206098	90	175	110	Granatamphibolit, undifferenziert
15206099	90	175	110	Diabasgang, undifferenziert
15206100	200	175	150	Perm, undifferenziert
15206101	125	175	250	Kalkmarmor, undifferenziert
15206102	125	175	250	Dolomitmarmor, undifferenziert
15206103	175	150	125	Permokarbon, undifferenziert
15206104	200	200	175	Kalkschiefer, undifferenziert
15206105	220	190	160	Sandstein, undifferenziert
15206106	200	200	175	Tonschiefer, undifferenziert
15206107	230	160	155	Radiolarit, undifferenziert
15206108	175	200	250	Kalkstein, undifferenziert
15206109	250	175	175	Konglomeratgneis, undifferenziert
15206110	250	210	210	Prävariszisches, polyzyklisches Grundgebirge, undifferenziert
15206111	200	200	200	Schiefer, undifferenziert
15206112	250	150	125	Aplitgneis, undifferenziert
15206113	210	220	230	Süsswasserkalk, undifferenziert
15206114	250	225	75	Tektonisches Melange
15206115	250	240	125	Flysch, undifferenziert
15206116	150	210	215	Aptychenkalk, undiff.
15206117	240	160	90	Quarzsandstein, undiff.
